LHW|BRU,|BRU|IST|URC|LHW|
LHW|OUA,|OUA|NIM|IST|URC|LHW|
LHW|JED,|JED|IST|URC|LHW|
LHW|CPH,|CPH|IST|URC|LHW|
LHW|YYZ,|YYZ|PEK|CGO|LHW|
LHW|DEN,|DEN|YVR|PEK|CGO|LHW|
LHW|YUL,|YUL|YYZ|PEK|CGO|LHW|
LHW|NBO,|NBO|BKK|NNG|KMG|LHW|
LHW|ICN,|ICN|DLC|TNA|LHW|
LHW|NRT,|NRT|DLC|TNA|LHW|
LHW|YHZ,|YHZ|LHR|IST|URC|LHW|
LHW|YOW,|YOW|YYZ|PEK|CGO|LHW|
LHW|BJM,|BJM|BRU|IST|URC|LHW|
LHW|COO,|COO|BRU|IST|URC|LHW|
LHW|DKR,|DKR|BRU|IST|URC|LHW|
LHW|DLA,|DLA|IST|URC|LHW|
LHW|KGL,|KGL|IST|URC|LHW|
LHW|LAD,|LAD|BRU|IST|URC|LHW|
LHW|ABJ,|ABJ|OUA|NIM|IST|URC|LHW|
LHW|AMS,|AMS|IST|URC|LHW|
LHW|OSL,|OSL|IST|URC|LHW|
LHW|VNO,|VNO|IST|URC|LHW|
LHW|WAW,|WAW|IST|URC|LHW|
LHW|YYC,|YYC|YVR|PEK|CGO|LHW|
LHW|ATL,|ATL|ORD|PEK|CGO|LHW|
LHW|MSY,|MSY|ORD|PEK|CGO|LHW|
LHW|YEG,|YEG|YVR|PEK|CGO|LHW|
LHW|YMM,|YMM|YVR|PEK|CGO|LHW|
LHW|YQR,|YQR|YVR|PEK|CGO|LHW|
LHW|YVR,|YVR|PEK|CGO|LHW|
LHW|YWG,|YWG|YVR|PEK|CGO|LHW|
LHW|YXE,|YXE|YVR|PEK|CGO|LHW|
LHW|CKY,|CKY|DKR|BRU|IST|URC|LHW|
LHW|FIH,|FIH|IST|URC|LHW|
LHW|SCL,|SCL|EZE|GRU|IST|URC|LHW|
LHW|LCA,|LCA|FRA|TSE|URC|LHW|
LHW|NAP,|NAP|IST|URC|LHW|
LHW|VLC,|VLC|FRA|TSE|URC|LHW|
LHW|BKK,|BKK|NNG|KMG|LHW|
LHW|ADD,|ADD|IST|URC|LHW|
LHW|FRA,|FRA|TSE|URC|LHW|
LHW|IST,|IST|URC|LHW|
LHW|EBB,|EBB|KGL|IST|URC|LHW|
LHW|YLW,|YLW|YVR|PEK|CGO|LHW|
LHW|YYT,|YYT|LHR|IST|URC|LHW|
LHW|GUA,|GUA|IAH|PEK|CGO|LHW|
LHW|EWR,|EWR|PEK|CGO|LHW|
LHW|IAD,|IAD|PEK|CGO|LHW|
LHW|IAH,|IAH|PEK|CGO|LHW|
LHW|ORD,|ORD|PEK|CGO|LHW|
LHW|SOF,|SOF|IST|URC|LHW|
LHW|YQB,|YQB|YYZ|PEK|CGO|LHW|
LHW|YXU,|YXU|YYZ|PEK|CGO|LHW|
LHW|EZE,|EZE|GRU|IST|URC|LHW|
LHW|YYJ,|YYJ|YVR|PEK|CGO|LHW|
LHW|YYY,|YYY|YUL|YYZ|PEK|CGO|LHW|
LHW|YQQ,|YQQ|YBL|YVR|PEK|CGO|LHW|
LHW|YYR,|YYR|YYT|LHR|IST|URC|LHW|
LHW|LHR,|LHR|IST|URC|LHW|
LHW|SFO,|SFO|PEK|CGO|LHW|
LHW|YQU,|YQU|YEG|YVR|PEK|CGO|LHW|
LHW|YZF,|YZF|YEG|YVR|PEK|CGO|LHW|
LHW|YGR,|YGR|YGP|YQB|YYZ|PEK|CGO|LHW|
LHW|YGP,|YGP|YQB|YYZ|PEK|CGO|LHW|
LHW|BOS,|BOS|YYZ|PEK|CGO|LHW|
LHW|YDF,|YDF|YYT|LHR|IST|URC|LHW|
LHW|YFC,|YFC|YYZ|PEK|CGO|LHW|
LHW|YQM,|YQM|YYZ|PEK|CGO|LHW|
LHW|YQX,|YQX|YYT|LHR|IST|URC|LHW|
LHW|YQY,|YQY|YHZ|LHR|IST|URC|LHW|
LHW|YSJ,|YSJ|YYZ|PEK|CGO|LHW|
LHW|YYG,|YYG|YYZ|PEK|CGO|LHW|
LHW|LAX,|LAX|PEK|CGO|LHW|
LHW|DCA,|DCA|YYZ|PEK|CGO|LHW|
LHW|LGA,|LGA|YYZ|PEK|CGO|LHW|
LHW|YZV,|YZV|YQB|YYZ|PEK|CGO|LHW|
LHW|YWL,|YWL|YVR|PEK|CGO|LHW|
LHW|AZS,|AZS|YYZ|PEK|CGO|LHW|
LHW|BDL,|BDL|YYZ|PEK|CGO|LHW|
LHW|CCC,|CCC|YYZ|PEK|CGO|LHW|
LHW|CDG,|CDG|IST|URC|LHW|
LHW|CUN,|CUN|IAH|PEK|CGO|LHW|
LHW|CZM,|CZM|IAH|PEK|CGO|LHW|
LHW|FDF,|FDF|YUL|YYZ|PEK|CGO|LHW|
LHW|FLL,|FLL|ORD|PEK|CGO|LHW|
LHW|GVA,|GVA|IST|URC|LHW|
LHW|HOG,|HOG|YYZ|PEK|CGO|LHW|
LHW|LAS,|LAS|SEA|PEK|CGO|LHW|
LHW|MBJ,|MBJ|ATL|ORD|PEK|CGO|LHW|
LHW|MCO,|MCO|ORD|PEK|CGO|LHW|
LHW|MUC,|MUC|IST|URC|LHW|
LHW|PAP,|PAP|YUL|YYZ|PEK|CGO|LHW|
LHW|PTP,|PTP|YUL|YYZ|PEK|CGO|LHW|
LHW|PUJ,|PUJ|EWR|PEK|CGO|LHW|
LHW|SNU,|SNU|YYZ|PEK|CGO|LHW|
LHW|VRA,|VRA|YYZ|PEK|CGO|LHW|
LHW|YBC,|YBC|YUL|YYZ|PEK|CGO|LHW|
LHW|YBG,|YBG|YUL|YYZ|PEK|CGO|LHW|
LHW|YTZ,|YTZ|YUL|YYZ|PEK|CGO|LHW|
LHW|YUY,|YUY|YUL|YYZ|PEK|CGO|LHW|
LHW|YVO,|YVO|YUL|YYZ|PEK|CGO|LHW|
LHW|ZBF,|ZBF|YUL|YYZ|PEK|CGO|LHW|
LHW|ZRH,|ZRH|IST|URC|LHW|
LHW|ZSA,|ZSA|YUL|YYZ|PEK|CGO|LHW|
LHW|AKL,|AKL|CAN|LHW|
LHW|HKG,|HKG|CAN|LHW|
LHW|HND,|HND|HNL|NRT|DLC|TNA|LHW|
LHW|HNL,|HNL|NRT|DLC|TNA|LHW|
LHW|MEX,|MEX|YVR|PEK|CGO|LHW|
LHW|OGG,|OGG|HNL|NRT|DLC|TNA|LHW|
LHW|PDX,|PDX|SEA|PEK|CGO|LHW|
LHW|PEK,|PEK|CGO|LHW|
LHW|PVG,|PVG|CGO|LHW|
LHW|PVR,|PVR|SFO|PEK|CGO|LHW|
LHW|SEA,|SEA|PEK|CGO|LHW|
LHW|SYD,|SYD|CAN|LHW|
LHW|YBL,|YBL|YVR|PEK|CGO|LHW|
LHW|YCD,|YCD|YVR|PEK|CGO|LHW|
LHW|YCG,|YCG|YVR|PEK|CGO|LHW|
LHW|YKA,|YKA|YVR|PEK|CGO|LHW|
LHW|YPR,|YPR|YVR|PEK|CGO|LHW|
LHW|YQZ,|YQZ|YVR|PEK|CGO|LHW|
LHW|YXC,|YXC|YVR|PEK|CGO|LHW|
LHW|YXJ,|YXJ|YVR|PEK|CGO|LHW|
LHW|YXS,|YXS|YVR|PEK|CGO|LHW|
LHW|YXT,|YXT|YVR|PEK|CGO|LHW|
LHW|YXY,|YXY|YVR|PEK|CGO|LHW|
LHW|YYD,|YYD|YVR|PEK|CGO|LHW|
LHW|YYF,|YYF|YVR|PEK|CGO|LHW|
LHW|YZP,|YZP|YVR|PEK|CGO|LHW|
LHW|YQT,|YQT|YWG|YVR|PEK|CGO|LHW|
LHW|SJD,|SJD|SFO|PEK|CGO|LHW|
LHW|YQF,|YQF|YYC|YVR|PEK|CGO|LHW|
LHW|YQL,|YQL|YYC|YVR|PEK|CGO|LHW|
LHW|YXH,|YXH|YYC|YVR|PEK|CGO|LHW|
LHW|YWK,|YWK|YZV|YQB|YYZ|PEK|CGO|LHW|
LHW|ANU,|ANU|EWR|PEK|CGO|LHW|
LHW|AUA,|AUA|EWR|PEK|CGO|LHW|
LHW|AUH,|AUH|IST|URC|LHW|
LHW|BCN,|BCN|IST|URC|LHW|
LHW|BDA,|BDA|EWR|PEK|CGO|LHW|
LHW|BGI,|BGI|YYZ|PEK|CGO|LHW|
LHW|BNA,|BNA|ORD|PEK|CGO|LHW|
LHW|BOG,|BOG|MIA|ORD|PEK|CGO|LHW|
LHW|BWI,|BWI|YYZ|PEK|CGO|LHW|
LHW|CLE,|CLE|YYZ|PEK|CGO|LHW|
LHW|CLT,|CLT|YYZ|PEK|CGO|LHW|
LHW|CMH,|CMH|ORD|PEK|CGO|LHW|
LHW|CVG,|CVG|ORD|PEK|CGO|LHW|
LHW|DFW,|DFW|YVR|PEK|CGO|LHW|
LHW|DTW,|DTW|PEK|CGO|LHW|
LHW|DUB,|DUB|IST|URC|LHW|
LHW|FCO,|FCO|IST|URC|LHW|
LHW|GCM,|GCM|YYZ|PEK|CGO|LHW|
LHW|GGT,|GGT|YYZ|PEK|CGO|LHW|
LHW|GND,|GND|YYZ|PEK|CGO|LHW|
LHW|GRU,|GRU|IST|URC|LHW|
LHW|HAV,|HAV|YYZ|PEK|CGO|LHW|
LHW|IND,|IND|ORD|PEK|CGO|LHW|
LHW|JFK,|JFK|PEK|CGO|LHW|
LHW|KIN,|KIN|YYZ|PEK|CGO|LHW|
LHW|LIM,|LIM|IAH|PEK|CGO|LHW|
LHW|LIR,|LIR|IAH|PEK|CGO|LHW|
LHW|MCI,|MCI|DEN|YVR|PEK|CGO|LHW|
LHW|MDT,|MDT|YYZ|PEK|CGO|LHW|
LHW|MIA,|MIA|ORD|PEK|CGO|LHW|
LHW|MKE,|MKE|ORD|PEK|CGO|LHW|
LHW|MSP,|MSP|ORD|PEK|CGO|LHW|
LHW|NAS,|NAS|YYZ|PEK|CGO|LHW|
LHW|PHL,|PHL|YYZ|PEK|CGO|LHW|
LHW|PHX,|PHX|SEA|PEK|CGO|LHW|
LHW|PIT,|PIT|YYZ|PEK|CGO|LHW|
LHW|PLS,|PLS|EWR|PEK|CGO|LHW|
LHW|POP,|POP|EWR|PEK|CGO|LHW|
LHW|RDU,|RDU|YYZ|PEK|CGO|LHW|
LHW|ROC,|ROC|YYZ|PEK|CGO|LHW|
LHW|RSW,|RSW|ORD|PEK|CGO|LHW|
LHW|SAN,|SAN|LAX|PEK|CGO|LHW|
LHW|SJO,|SJO|IAH|PEK|CGO|LHW|
LHW|STL,|STL|ORD|PEK|CGO|LHW|
LHW|SYR,|SYR|YYZ|PEK|CGO|LHW|
LHW|TLV,|TLV|SAW|TBS|URC|LHW|
LHW|TPA,|TPA|ORD|PEK|CGO|LHW|
LHW|UVF,|UVF|EWR|PEK|CGO|LHW|
LHW|VIE,|VIE|IST|URC|LHW|
LHW|YAM,|YAM|YYZ|PEK|CGO|LHW|
LHW|YGK,|YGK|YYZ|PEK|CGO|LHW|
LHW|YQG,|YQG|YYZ|PEK|CGO|LHW|
LHW|YSB,|YSB|YYZ|PEK|CGO|LHW|
LHW|YTS,|YTS|YYZ|PEK|CGO|LHW|
LHW|YYB,|YYB|YYZ|PEK|CGO|LHW|
LHW|YZR,|YZR|YYZ|PEK|CGO|LHW|
LHW|CAN,|CAN|LHW|
LHW|URC,|URC|LHW|
LHW|CTU,|CTU|KMG|LHW|
LHW|HGH,|HGH|LHW|
LHW|XMN,|XMN|CSX|LHW|
LHW|CGO,|CGO|LHW|
LHW|CSX,|CSX|LHW|
LHW|SHE,|SHE|LHW|
LHW|SJW,|SJW|BAV|CGO|LHW|
LHW|WUH,|WUH|LHW|
LHW|SZX,|SZX|CSX|LHW|
LHW|CKG,|CKG|CGO|LHW|
LHW|KMG,|KMG|LHW|
LHW|FOC,|FOC|WUH|LHW|
LHW|NNG,|NNG|KMG|LHW|
LHW|SWA,|SWA|CSX|LHW|
LHW|ACX,|ACX|CAN|LHW|
LHW|AQG,|AQG|CAN|LHW|
LHW|AVA,|AVA|CAN|LHW|
LHW|BFJ,|BFJ|CAN|LHW|
LHW|BHY,|BHY|KMG|LHW|
LHW|BNE,|BNE|CAN|LHW|
LHW|CGD,|CGD|CAN|LHW|
LHW|CGK,|CGK|CAN|LHW|
LHW|CGQ,|CGQ|TNA|LHW|
LHW|CIH,|CIH|PEK|CGO|LHW|
LHW|CNX,|CNX|CAN|LHW|
LHW|CZX,|CZX|CSX|LHW|
LHW|DAC,|DAC|CAN|LHW|
LHW|DAD,|DAD|CAN|LHW|
LHW|DEL,|DEL|CAN|LHW|
LHW|DIG,|DIG|KMG|LHW|
LHW|DLC,|DLC|TNA|LHW|
LHW|DPS,|DPS|CAN|LHW|
LHW|DXB,|DXB|CAN|LHW|
LHW|DYG,|DYG|CSX|LHW|
LHW|FUG,|FUG|CAN|LHW|
LHW|FUK,|FUK|ICN|DLC|TNA|LHW|
LHW|HAK,|HAK|CAN|LHW|
LHW|HAN,|HAN|CAN|LHW|
LHW|HDG,|HDG|CAN|LHW|
LHW|HET,|HET|TNA|LHW|
LHW|HFE,|HFE|CSX|LHW|
LHW|HJJ,|HJJ|CSX|LHW|
LHW|HKT,|HKT|KWE|KMG|LHW|
LHW|HRB,|HRB|TNA|LHW|
LHW|HZH,|HZH|CAN|LHW|
LHW|JIU,|JIU|CAN|LHW|
LHW|JJN,|JJN|CSX|LHW|
LHW|JNG,|JNG|CAN|LHW|
LHW|KHN,|KHN|NKG|CSX|LHW|
LHW|KIX,|KIX|DLC|TNA|LHW|
LHW|KOW,|KOW|CAN|LHW|
LHW|KTM,|KTM|CAN|LHW|
LHW|KUL,|KUL|CAN|LHW|
LHW|KWE,|KWE|KMG|LHW|
LHW|KWL,|KWL|WUH|LHW|
LHW|LYA,|LYA|CAN|LHW|
LHW|LYG,|LYG|XUZ|INC|CGO|LHW|
LHW|LZH,|LZH|CAN|LHW|
LHW|MEL,|MEL|CAN|LHW|
LHW|MIG,|MIG|CSX|LHW|
LHW|MLE,|MLE|CAN|LHW|
LHW|MNL,|MNL|CAN|LHW|
LHW|MXZ,|MXZ|CAN|LHW|
LHW|NAO,|NAO|CAN|LHW|
LHW|NGB,|NGB|WUH|LHW|
LHW|NKG,|NKG|CSX|LHW|
LHW|NNY,|NNY|CGO|LHW|
LHW|PEN,|PEN|CAN|LHW|
LHW|PER,|PER|CAN|LHW|
LHW|PNH,|PNH|CAN|LHW|
LHW|REP,|REP|CAN|LHW|
LHW|RGN,|RGN|CAN|LHW|
LHW|SGN,|SGN|CAN|LHW|
LHW|SHA,|SHA|CGO|LHW|
LHW|SIN,|SIN|CAN|LHW|
LHW|SVO,|SVO|URC|LHW|
LHW|SYX,|SYX|KMG|LHW|
LHW|TAO,|TAO|CGO|LHW|
LHW|TEN,|TEN|CAN|LHW|
LHW|TNA,|TNA|LHW|
LHW|TPE,|TPE|WUH|LHW|
LHW|TSN,|TSN|DLC|TNA|LHW|
LHW|TXN,|TXN|CSX|LHW|
LHW|TYN,|TYN|WUH|LHW|
LHW|WNZ,|WNZ|WUH|LHW|
LHW|WUX,|WUX|CAN|LHW|
LHW|XFN,|XFN|CAN|LHW|
LHW|XIY,|XIY|WUH|LHW|
LHW|XUZ,|XUZ|INC|CGO|LHW|
LHW|YIH,|YIH|CKG|CGO|LHW|
LHW|YIW,|YIW|CGO|LHW|
LHW|YNT,|YNT|SHE|LHW|
LHW|YNZ,|YNZ|WUH|LHW|
LHW|YTY,|YTY|CGO|LHW|
LHW|ZHA,|ZHA|CAN|LHW|
LHW|ZYI,|ZYI|CAN|LHW|
LHW|BAV,|BAV|CGO|LHW|
LHW|CJU,|CJU|CGO|LHW|
LHW|DSN,|DSN|CGO|LHW|
LHW|HMI,|HMI|URC|LHW|
LHW|INC,|INC|CGO|LHW|
LHW|KHH,|KHH|WUH|LHW|
LHW|UYN,|UYN|CGO|LHW|
LHW|XNN,|XNN|CGO|LHW|
LHW|ZUH,|ZUH|CSX|LHW|
LHW|YNJ,|YNJ|DLC|TNA|LHW|
LHW|DAT,|DAT|TYN|WUH|LHW|
LHW|JHG,|JHG|KMG|LHW|
LHW|LJG,|LJG|KMG|LHW|
LHW|LXA,|LXA|CKG|CGO|LHW|
LHW|YCU,|YCU|CSX|LHW|
LHW|LZO,|LZO|CSX|LHW|
LHW|MDG,|MDG|DLC|TNA|LHW|
LHW|NGO,|NGO|DLC|TNA|LHW|
LHW|TOY,|TOY|DLC|TNA|LHW|
LHW|MFM,|MFM|XMN|CSX|LHW|
LHW|TGO,|TGO|HET|TNA|LHW|
LHW|XIL,|XIL|HET|TNA|LHW|
LHW|HEK,|HEK|HRB|TNA|LHW|
LHW|KIJ,|KIJ|HRB|TNA|LHW|
LHW|LDS,|LDS|HRB|TNA|LHW|
LHW|OHE,|OHE|HRB|TNA|LHW|
LHW|HSN,|HSN|JJN|CSX|LHW|
LHW|DLU,|DLU|KMG|LHW|
LHW|SYM,|SYM|KMG|LHW|
LHW|ZAT,|ZAT|KMG|LHW|
LHW|LUN,|LUN|NBO|BKK|NNG|KMG|LHW|
LHW|AOG,|AOG|PEK|CGO|LHW|
LHW|GMP,|GMP|PEK|CGO|LHW|
LHW|ISB,|ISB|URC|LHW|
LHW|TAS,|TAS|URC|LHW|
LHW|WUS,|WUS|PEK|CGO|LHW|
LHW|JMU,|JMU|PVG|CGO|LHW|
LHW|NDG,|NDG|PVG|CGO|LHW|
LHW|JXA,|JXA|SHE|LHW|
LHW|PUS,|PUS|SHE|LHW|
LHW|BKI,|BKI|SZX|CSX|LHW|
LHW|AKU,|AKU|URC|LHW|
LHW|ALA,|ALA|URC|LHW|
LHW|ASB,|ASB|URC|LHW|
LHW|DNH,|DNH|URC|LHW|
LHW|DYU,|DYU|URC|LHW|
LHW|FRU,|FRU|URC|LHW|
LHW|GYD,|GYD|URC|LHW|
LHW|HTN,|HTN|URC|LHW|
LHW|IKA,|IKA|URC|LHW|
LHW|KCA,|KCA|URC|LHW|
LHW|KHG,|KHG|URC|LHW|
LHW|KRL,|KRL|URC|LHW|
LHW|KRY,|KRY|URC|LHW|
LHW|LBD,|LBD|URC|LHW|
LHW|NLT,|NLT|URC|LHW|
LHW|OSS,|OSS|URC|LHW|
LHW|OVB,|OVB|URC|LHW|
LHW|TBS,|TBS|URC|LHW|
LHW|TCG,|TCG|URC|LHW|
LHW|TSE,|TSE|URC|LHW|
LHW|YIN,|YIN|URC|LHW|
LHW|ENH,|ENH|WUH|LHW|
LHW|ENY,|ENY|XIY|WUH|LHW|
LHW|WXN,|WXN|XIY|WUH|LHW|
LHW|BLL,|BLL|IST|URC|LHW|
LHW|ESB,|ESB|SAW|TBS|URC|LHW|
LHW|SAW,|SAW|TBS|URC|LHW|
LHW|HAM,|HAM|IST|URC|LHW|
LHW|HRE,|HRE|ADD|IST|URC|LHW|
LHW|JUB,|JUB|CAI|IST|URC|LHW|
LHW|SSG,|SSG|DLA|IST|URC|LHW|
LHW|BGW,|BGW|ESB|SAW|TBS|URC|LHW|
LHW|EBL,|EBL|IST|URC|LHW|
LHW|VKO,|VKO|IST|URC|LHW|
LHW|MCT,|MCT|IST|URC|LHW|
LHW|AYT,|AYT|IST|URC|LHW|
LHW|SCQ,|SCQ|BIO|IST|URC|LHW|
LHW|AAL,|AAL|IST|URC|LHW|
LHW|AOE,|AOE|BRU|IST|URC|LHW|
LHW|JNB,|JNB|IST|URC|LHW|
LHW|LBV,|LBV|DLA|IST|URC|LHW|
LHW|ADA,|ADA|SAW|TBS|URC|LHW|
LHW|ADB,|ADB|IST|URC|LHW|
LHW|ADF,|ADF|ESB|SAW|TBS|URC|LHW|
LHW|AJI,|AJI|ESB|SAW|TBS|URC|LHW|
LHW|BAL,|BAL|ESB|SAW|TBS|URC|LHW|
LHW|BJV,|BJV|IST|URC|LHW|
LHW|CKZ,|CKZ|ESB|SAW|TBS|URC|LHW|
LHW|DIY,|DIY|SAW|TBS|URC|LHW|
LHW|ECN,|ECN|SAW|TBS|URC|LHW|
LHW|ERC,|ERC|ESB|SAW|TBS|URC|LHW|
LHW|ERZ,|ERZ|SAW|TBS|URC|LHW|
LHW|EZS,|EZS|SAW|TBS|URC|LHW|
LHW|GNY,|GNY|ESB|SAW|TBS|URC|LHW|
LHW|GZP,|GZP|ESB|SAW|TBS|URC|LHW|
LHW|GZT,|GZT|SAW|TBS|URC|LHW|
LHW|HTY,|HTY|SAW|TBS|URC|LHW|
LHW|KCM,|KCM|ESB|SAW|TBS|URC|LHW|
LHW|KSY,|KSY|SAW|TBS|URC|LHW|
LHW|MLX,|MLX|ESB|SAW|TBS|URC|LHW|
LHW|MQM,|MQM|SAW|TBS|URC|LHW|
LHW|MSR,|MSR|ESB|SAW|TBS|URC|LHW|
LHW|TEQ,|TEQ|ESB|SAW|TBS|URC|LHW|
LHW|TZX,|TZX|SAW|TBS|URC|LHW|
LHW|VAN,|VAN|SAW|TBS|URC|LHW|
LHW|ULN,|ULN|FRU|URC|LHW|
LHW|HIJ,|HIJ|ICN|DLC|TNA|LHW|
LHW|VVO,|VVO|ICN|DLC|TNA|LHW|
LHW|ACC,|ACC|IST|URC|LHW|
LHW|AER,|AER|IST|URC|LHW|
LHW|AGP,|AGP|IST|URC|LHW|
LHW|ALG,|ALG|IST|URC|LHW|
LHW|AMM,|AMM|IST|URC|LHW|
LHW|AQJ,|AQJ|IST|URC|LHW|
LHW|ARN,|ARN|IST|URC|LHW|
LHW|ASR,|ASR|SAW|TBS|URC|LHW|
LHW|ATH,|ATH|IST|URC|LHW|
LHW|BAH,|BAH|KWI|SAW|TBS|URC|LHW|
LHW|BEG,|BEG|IST|URC|LHW|
LHW|BEN,|BEN|IST|URC|LHW|
LHW|BEY,|BEY|IST|URC|LHW|
LHW|BHX,|BHX|IST|URC|LHW|
LHW|BIO,|BIO|IST|URC|LHW|
LHW|BLQ,|BLQ|IST|URC|LHW|
LHW|BOM,|BOM|IST|URC|LHW|
LHW|BRE,|BRE|IST|URC|LHW|
LHW|BSL,|BSL|IST|URC|LHW|
LHW|BSR,|BSR|IST|URC|LHW|
LHW|BUD,|BUD|IST|URC|LHW|
LHW|BUS,|BUS|IST|URC|LHW|
LHW|CAI,|CAI|IST|URC|LHW|
LHW|CGN,|CGN|IST|URC|LHW|
LHW|CMN,|CMN|IST|URC|LHW|
LHW|CND,|CND|IST|URC|LHW|
LHW|DAR,|DAR|NBO|BKK|NNG|KMG|LHW|
LHW|DLM,|DLM|IST|URC|LHW|
LHW|DMM,|DMM|IST|URC|LHW|
LHW|DNK,|DNK|IST|URC|LHW|
LHW|DNZ,|DNZ|IST|URC|LHW|
LHW|DOK,|DOK|IST|URC|LHW|
LHW|DUS,|DUS|IST|URC|LHW|
LHW|EDI,|EDI|IST|URC|LHW|
LHW|ELQ,|ELQ|IST|URC|LHW|
LHW|FDH,|FDH|IST|URC|LHW|
LHW|GOA,|GOA|IST|URC|LHW|
LHW|GOT,|GOT|IST|URC|LHW|
LHW|HAJ,|HAJ|IST|URC|LHW|
LHW|HBE,|HBE|IST|URC|LHW|
LHW|HEL,|HEL|IST|URC|LHW|
LHW|HRG,|HRG|IST|URC|LHW|
LHW|IFN,|IFN|IST|URC|LHW|
LHW|ISE,|ISE|IST|URC|LHW|
LHW|ISU,|ISU|IST|URC|LHW|
LHW|JIB,|JIB|IST|URC|LHW|
LHW|JRO,|JRO|IST|URC|LHW|
LHW|KAN,|KAN|IST|URC|LHW|
LHW|KBL,|KBL|IST|URC|LHW|
LHW|KBP,|KBP|IST|URC|LHW|
LHW|KFS,|KFS|IST|URC|LHW|
LHW|KHI,|KHI|IST|URC|LHW|
LHW|KIV,|KIV|IST|URC|LHW|
LHW|KRT,|KRT|IST|URC|LHW|
LHW|KSH,|KSH|IST|URC|LHW|
LHW|KVD,|KVD|IST|URC|LHW|
LHW|KWI,|KWI|SAW|TBS|URC|LHW|
LHW|KYA,|KYA|SAW|TBS|URC|LHW|
LHW|KZN,|KZN|IST|URC|LHW|
LHW|KZR,|KZR|IST|URC|LHW|
LHW|LED,|LED|IST|URC|LHW|
LHW|LEJ,|LEJ|IST|URC|LHW|
LHW|LGW,|LGW|IST|URC|LHW|
LHW|LHE,|LHE|IST|URC|LHW|
LHW|LIS,|LIS|IST|URC|LHW|
LHW|LJU,|LJU|IST|URC|LHW|
LHW|LOS,|LOS|IST|URC|LHW|
LHW|LUX,|LUX|IST|URC|LHW|
LHW|LWO,|LWO|IST|URC|LHW|
LHW|LYS,|LYS|IST|URC|LHW|
LHW|MAD,|MAD|IST|URC|LHW|
LHW|MAN,|MAN|IST|URC|LHW|
LHW|MED,|MED|IST|URC|LHW|
LHW|MHD,|MHD|IST|URC|LHW|
LHW|MLA,|MLA|IST|URC|LHW|
LHW|MRS,|MRS|IST|URC|LHW|
LHW|MSQ,|MSQ|IST|URC|LHW|
LHW|MXP,|MXP|IST|URC|LHW|
LHW|MZH,|MZH|IST|URC|LHW|
LHW|MZR,|MZR|IST|URC|LHW|
LHW|NAJ,|NAJ|IST|URC|LHW|
LHW|NAV,|NAV|IST|URC|LHW|
LHW|NCE,|NCE|IST|URC|LHW|
LHW|NIM,|NIM|IST|URC|LHW|
LHW|NJF,|NJF|IST|URC|LHW|
LHW|NSI,|NSI|IST|URC|LHW|
LHW|NUE,|NUE|IST|URC|LHW|
LHW|ODS,|ODS|IST|URC|LHW|
LHW|ORN,|ORN|IST|URC|LHW|
LHW|OTP,|OTP|IST|URC|LHW|
LHW|PRG,|PRG|IST|URC|LHW|
LHW|PRN,|PRN|IST|URC|LHW|
LHW|RIX,|RIX|IST|URC|LHW|
LHW|ROV,|ROV|IST|URC|LHW|
LHW|RTM,|RTM|IST|URC|LHW|
LHW|RUH,|RUH|IST|URC|LHW|
LHW|SAH,|SAH|IST|URC|LHW|
LHW|SJJ,|SJJ|IST|URC|LHW|
LHW|SKG,|SKG|IST|URC|LHW|
LHW|SKP,|SKP|IST|URC|LHW|
LHW|SSH,|SSH|IST|URC|LHW|
LHW|STR,|STR|IST|URC|LHW|
LHW|SVX,|SVX|IST|URC|LHW|
LHW|SYZ,|SYZ|IST|URC|LHW|
LHW|SZG,|SZG|IST|URC|LHW|
LHW|TBZ,|TBZ|IST|URC|LHW|
LHW|TGD,|TGD|IST|URC|LHW|
LHW|TIA,|TIA|IST|URC|LHW|
LHW|TIF,|TIF|IST|URC|LHW|
LHW|TIP,|TIP|IST|URC|LHW|
LHW|TLL,|TLL|IST|URC|LHW|
LHW|TLS,|TLS|IST|URC|LHW|
LHW|TRN,|TRN|IST|URC|LHW|
LHW|TUN,|TUN|IST|URC|LHW|
LHW|TXL,|TXL|IST|URC|LHW|
LHW|UFA,|UFA|IST|URC|LHW|
LHW|VAS,|VAS|SAW|TBS|URC|LHW|
LHW|VCE,|VCE|IST|URC|LHW|
LHW|YNB,|YNB|IST|URC|LHW|
LHW|ZAG,|ZAG|IST|URC|LHW|
LHW|MGQ,|MGQ|JIB|IST|URC|LHW|
LHW|CPT,|CPT|JNB|IST|URC|LHW|
LHW|MBA,|MBA|JRO|IST|URC|LHW|
LHW|NDJ,|NDJ|KAN|IST|URC|LHW|
LHW|CMB,|CMB|MLE|CAN|LHW|
LHW|ADE,|ADE|SAH|IST|URC|LHW|
LHW|ASF,|ASF|SAW|TBS|URC|LHW|
LHW|STW,|STW|SAW|TBS|URC|LHW|
LHW|LFW,|LFW|ABJ|OUA|NIM|IST|URC|LHW|
LHW|CEC,|CEC|SFO|PEK|CGO|LHW|
LHW|SMF,|SMF|SFO|PEK|CGO|LHW|
LHW|CDR,|CDR|AIA|DEN|YVR|PEK|CGO|LHW|
LHW|FMN,|FMN|DEN|YVR|PEK|CGO|LHW|
LHW|JST,|JST|IAD|PEK|CGO|LHW|
LHW|JHW,|JHW|CLE|YYZ|PEK|CGO|LHW|
LHW|SHD,|SHD|IAD|PEK|CGO|LHW|
LHW|PTY,|PTY|ORD|PEK|CGO|LHW|
LHW|FNA,|FNA|BRU|IST|URC|LHW|
LHW|SXB,|SXB|BRU|IST|URC|LHW|
LHW|ACV,|ACV|SFO|PEK|CGO|LHW|
LHW|MGW,|MGW|IAD|PEK|CGO|LHW|
LHW|ALB,|ALB|EWR|PEK|CGO|LHW|
LHW|AUS,|AUS|DEN|YVR|PEK|CGO|LHW|
LHW|BFD,|BFD|CLE|YYZ|PEK|CGO|LHW|
LHW|BUF,|BUF|CLE|YYZ|PEK|CGO|LHW|
LHW|CHS,|CHS|ORD|PEK|CGO|LHW|
LHW|DAY,|DAY|ORD|PEK|CGO|LHW|
LHW|DUJ,|DUJ|CLE|YYZ|PEK|CGO|LHW|
LHW|ERI,|ERI|CLE|YYZ|PEK|CGO|LHW|
LHW|FKL,|FKL|CLE|YYZ|PEK|CGO|LHW|
LHW|FNT,|FNT|CLE|YYZ|PEK|CGO|LHW|
LHW|GRR,|GRR|ORD|PEK|CGO|LHW|
LHW|GSP,|GSP|ORD|PEK|CGO|LHW|
LHW|PBI,|PBI|ATL|ORD|PEK|CGO|LHW|
LHW|PKB,|PKB|CLE|YYZ|PEK|CGO|LHW|
LHW|RIC,|RIC|IAD|PEK|CGO|LHW|
LHW|SDF,|SDF|ORD|PEK|CGO|LHW|
LHW|GUM,|GUM|HKG|CAN|LHW|
LHW|WRL,|WRL|CYS|DEN|YVR|PEK|CGO|LHW|
LHW|LBL,|LHW|
LHW|ABQ,|ABQ|SEA|PEK|CGO|LHW|
LHW|AIA,|AIA|DEN|YVR|PEK|CGO|LHW|
LHW|ALS,|ALS|DEN|YVR|PEK|CGO|LHW|
LHW|AMA,|AMA|DEN|YVR|PEK|CGO|LHW|
LHW|ANC,|ANC|SEA|PEK|CGO|LHW|
LHW|ASE,|ASE|DEN|YVR|PEK|CGO|LHW|
LHW|BFL,|BFL|SFO|PEK|CGO|LHW|
LHW|BHM,|BHM|ORD|PEK|CGO|LHW|
LHW|BIL,|BIL|DEN|YVR|PEK|CGO|LHW|
LHW|BIS,|BIS|DEN|YVR|PEK|CGO|LHW|
LHW|BOI,|BOI|SFO|PEK|CGO|LHW|
LHW|BUR,|BUR|SFO|PEK|CGO|LHW|
LHW|BZN,|BZN|DEN|YVR|PEK|CGO|LHW|
LHW|CID,|CID|ORD|PEK|CGO|LHW|
LHW|COD,|COD|DEN|YVR|PEK|CGO|LHW|
LHW|COS,|COS|DEN|YVR|PEK|CGO|LHW|
LHW|CPR,|CPR|DEN|YVR|PEK|CGO|LHW|
LHW|CYS,|CYS|DEN|YVR|PEK|CGO|LHW|
LHW|DIK,|DIK|DEN|YVR|PEK|CGO|LHW|
LHW|DRO,|DRO|DEN|YVR|PEK|CGO|LHW|
LHW|DSM,|DSM|ORD|PEK|CGO|LHW|
LHW|EGE,|EGE|DEN|YVR|PEK|CGO|LHW|
LHW|ELP,|ELP|LAS|SEA|PEK|CGO|LHW|
LHW|EUG,|EUG|PDX|SEA|PEK|CGO|LHW|
LHW|FAR,|FAR|DEN|YVR|PEK|CGO|LHW|
LHW|FAT,|FAT|SFO|PEK|CGO|LHW|
LHW|FCA,|FCA|DEN|YVR|PEK|CGO|LHW|
LHW|FSD,|FSD|DEN|YVR|PEK|CGO|LHW|
LHW|GCC,|GCC|DEN|YVR|PEK|CGO|LHW|
LHW|GEG,|GEG|BOI|SFO|PEK|CGO|LHW|
LHW|GJT,|GJT|DEN|YVR|PEK|CGO|LHW|
LHW|GTF,|GTF|DEN|YVR|PEK|CGO|LHW|
LHW|GUC,|GUC|DEN|YVR|PEK|CGO|LHW|
LHW|HDN,|HDN|DEN|YVR|PEK|CGO|LHW|
LHW|HLN,|HLN|DEN|YVR|PEK|CGO|LHW|
LHW|HSV,|HSV|ORD|PEK|CGO|LHW|
LHW|ICT,|ICT|DEN|YVR|PEK|CGO|LHW|
LHW|IDA,|IDA|DEN|YVR|PEK|CGO|LHW|
LHW|ISN,|ISN|DEN|YVR|PEK|CGO|LHW|
LHW|JAC,|JAC|DEN|YVR|PEK|CGO|LHW|
LHW|KOA,|KOA|YVR|PEK|CGO|LHW|
LHW|LAR,|LAR|DEN|YVR|PEK|CGO|LHW|
LHW|LBB,|LBB|DEN|YVR|PEK|CGO|LHW|
LHW|LIH,|LIH|HNL|NRT|DLC|TNA|LHW|
LHW|LIT,|LIT|ORD|PEK|CGO|LHW|
LHW|LNK,|LNK|DEN|YVR|PEK|CGO|LHW|
LHW|MAF,|MAF|DEN|YVR|PEK|CGO|LHW|
LHW|MEM,|MEM|ORD|PEK|CGO|LHW|
LHW|MFR,|MFR|SFO|PEK|CGO|LHW|
LHW|MLI,|MLI|ORD|PEK|CGO|LHW|
LHW|MOT,|MOT|DEN|YVR|PEK|CGO|LHW|
LHW|MRY,|MRY|SFO|PEK|CGO|LHW|
LHW|MSN,|MSN|ORD|PEK|CGO|LHW|
LHW|MSO,|MSO|DEN|YVR|PEK|CGO|LHW|
LHW|MTJ,|MTJ|DEN|YVR|PEK|CGO|LHW|
LHW|OKC,|OKC|DEN|YVR|PEK|CGO|LHW|
LHW|OMA,|OMA|DEN|YVR|PEK|CGO|LHW|
LHW|ONT,|ONT|SFO|PEK|CGO|LHW|
LHW|PIA,|PIA|ORD|PEK|CGO|LHW|
LHW|PIR,|PIR|DEN|YVR|PEK|CGO|LHW|
LHW|PSC,|PSC|SFO|PEK|CGO|LHW|
LHW|PSP,|PSP|SFO|PEK|CGO|LHW|
LHW|PUB,|PUB|DEN|YVR|PEK|CGO|LHW|
LHW|RAP,|RAP|DEN|YVR|PEK|CGO|LHW|
LHW|RDM,|RDM|PDX|SEA|PEK|CGO|LHW|
LHW|RKS,|RKS|DEN|YVR|PEK|CGO|LHW|
LHW|RNO,|RNO|SEA|PEK|CGO|LHW|
LHW|SAF,|SAF|DEN|YVR|PEK|CGO|LHW|
LHW|SAT,|SAT|DEN|YVR|PEK|CGO|LHW|
LHW|SBA,|SBA|SFO|PEK|CGO|LHW|
LHW|SGF,|SGF|ORD|PEK|CGO|LHW|
LHW|SGU,|SGU|DEN|YVR|PEK|CGO|LHW|
LHW|SHV,|SHV|DEN|YVR|PEK|CGO|LHW|
LHW|SJC,|SJC|SEA|PEK|CGO|LHW|
LHW|SLC,|SLC|SEA|PEK|CGO|LHW|
LHW|SNA,|SNA|SFO|PEK|CGO|LHW|
LHW|TUL,|TUL|DEN|YVR|PEK|CGO|LHW|
LHW|TUS,|TUS|LAS|SEA|PEK|CGO|LHW|
LHW|TYS,|TYS|ORD|PEK|CGO|LHW|
LHW|XNA,|XNA|DEN|YVR|PEK|CGO|LHW|
LHW|SAL,|SAL|IAH|PEK|CGO|LHW|
LHW|BJL,|BJL|DKR|BRU|IST|URC|LHW|
LHW|BFS,|BFS|EWR|PEK|CGO|LHW|
LHW|BON,|BON|EWR|PEK|CGO|LHW|
LHW|BQN,|BQN|EWR|PEK|CGO|LHW|
LHW|BTV,|BTV|EWR|PEK|CGO|LHW|
LHW|BZE,|BZE|IAH|PEK|CGO|LHW|
LHW|GLA,|GLA|EWR|PEK|CGO|LHW|
LHW|GSO,|GSO|IAD|PEK|CGO|LHW|
LHW|ITH,|ITH|EWR|PEK|CGO|LHW|
LHW|JAX,|JAX|ORD|PEK|CGO|LHW|
LHW|MHT,|MHT|EWR|PEK|CGO|LHW|
LHW|MYR,|MYR|YYZ|PEK|CGO|LHW|
LHW|ORF,|ORF|IAD|PEK|CGO|LHW|
LHW|POS,|POS|EWR|PEK|CGO|LHW|
LHW|PVD,|PVD|EWR|PEK|CGO|LHW|
LHW|PWM,|PWM|EWR|PEK|CGO|LHW|
LHW|SAP,|SAP|IAH|PEK|CGO|LHW|
LHW|SAV,|SAV|ORD|PEK|CGO|LHW|
LHW|SDQ,|SDQ|EWR|PEK|CGO|LHW|
LHW|SJU,|SJU|EWR|PEK|CGO|LHW|
LHW|SNN,|SNN|EWR|PEK|CGO|LHW|
LHW|STT,|STT|EWR|PEK|CGO|LHW|
LHW|SXM,|SXM|EWR|PEK|CGO|LHW|
LHW|BIM,|BIM|FLL|ORD|PEK|CGO|LHW|
LHW|ELH,|ELH|PBI|ATL|ORD|PEK|CGO|LHW|
LHW|EYW,|EYW|TPA|ORD|PEK|CGO|LHW|
LHW|FPO,|FPO|FLL|ORD|PEK|CGO|LHW|
LHW|GHB,|GHB|FLL|ORD|PEK|CGO|LHW|
LHW|MHH,|MHH|JAX|ORD|PEK|CGO|LHW|
LHW|TCB,|TCB|FLL|ORD|PEK|CGO|LHW|
LHW|SOW,|SOW|PHX|SEA|PEK|CGO|LHW|
LHW|ROB,|ROB|FNA|BRU|IST|URC|LHW|
LHW|GIG,|GIG|GRU|IST|URC|LHW|
LHW|CNS,|CNS|GUM|HKG|CAN|LHW|
LHW|CTS,|CTS|GUM|HKG|CAN|LHW|
LHW|OKJ,|OKJ|GUM|HKG|CAN|LHW|
LHW|ROP,|ROP|GUM|HKG|CAN|LHW|
LHW|ROR,|ROR|MNL|CAN|LHW|
LHW|SDJ,|SDJ|GUM|HKG|CAN|LHW|
LHW|SPN,|SPN|GUM|HKG|CAN|LHW|
LHW|TKK,|TKK|GUM|HKG|CAN|LHW|
LHW|YAP,|YAP|ROR|MNL|CAN|LHW|
LHW|MAJ,|MAJ|KWA|PNI|TKK|GUM|HKG|CAN|LHW|
LHW|AOO,|AOO|IAD|PEK|CGO|LHW|
LHW|BGM,|BGM|IAD|PEK|CGO|LHW|
LHW|BKW,|BKW|IAD|PEK|CGO|LHW|
LHW|CAE,|CAE|ORD|PEK|CGO|LHW|
LHW|CHO,|CHO|IAD|PEK|CGO|LHW|
LHW|CRW,|CRW|ORD|PEK|CGO|LHW|
LHW|FAY,|FAY|IAD|PEK|CGO|LHW|
LHW|LWB,|LWB|IAD|PEK|CGO|LHW|
LHW|ROA,|ROA|IAD|PEK|CGO|LHW|
LHW|SCE,|SCE|IAD|PEK|CGO|LHW|
LHW|ACA,|ACA|IAH|PEK|CGO|LHW|
LHW|ACY,|ACY|ORD|PEK|CGO|LHW|
LHW|AEX,|AEX|IAH|PEK|CGO|LHW|
LHW|AGU,|AGU|IAH|PEK|CGO|LHW|
LHW|BJX,|BJX|LAX|PEK|CGO|LHW|
LHW|BRO,|BRO|IAH|PEK|CGO|LHW|
LHW|BTR,|BTR|IAH|PEK|CGO|LHW|
LHW|CCS,|CCS|IAH|PEK|CGO|LHW|
LHW|CLL,|CLL|IAH|PEK|CGO|LHW|
LHW|CME,|CME|IAH|PEK|CGO|LHW|
LHW|CRP,|CRP|IAH|PEK|CGO|LHW|
LHW|CUU,|CUU|IAH|PEK|CGO|LHW|
LHW|DAL,|DAL|OKC|DEN|YVR|PEK|CGO|LHW|
LHW|DGO,|DGO|LAX|PEK|CGO|LHW|
LHW|GDL,|GDL|SFO|PEK|CGO|LHW|
LHW|GPT,|GPT|IAH|PEK|CGO|LHW|
LHW|GRK,|GRK|IAH|PEK|CGO|LHW|
LHW|HOB,|HOB|IAH|PEK|CGO|LHW|
LHW|HRL,|HRL|SAT|DEN|YVR|PEK|CGO|LHW|
LHW|HUX,|HUX|IAH|PEK|CGO|LHW|
LHW|JAN,|JAN|ORD|PEK|CGO|LHW|
LHW|LCH,|LCH|IAH|PEK|CGO|LHW|
LHW|LEX,|LEX|ORD|PEK|CGO|LHW|
LHW|LFT,|LFT|IAH|PEK|CGO|LHW|
LHW|LRD,|LRD|IAH|PEK|CGO|LHW|
LHW|MFE,|MFE|IAH|PEK|CGO|LHW|
LHW|MGA,|MGA|IAH|PEK|CGO|LHW|
LHW|MID,|MID|IAH|PEK|CGO|LHW|
LHW|MLM,|MLM|IAH|PEK|CGO|LHW|
LHW|MLU,|MLU|IAH|PEK|CGO|LHW|
LHW|MOB,|MOB|ORD|PEK|CGO|LHW|
LHW|MTY,|MTY|IAH|PEK|CGO|LHW|
LHW|OAX,|OAX|IAH|PEK|CGO|LHW|
LHW|PBC,|PBC|IAH|PEK|CGO|LHW|
LHW|PNS,|PNS|ORD|PEK|CGO|LHW|
LHW|QRO,|QRO|IAH|PEK|CGO|LHW|
LHW|RTB,|RTB|IAH|PEK|CGO|LHW|
LHW|SLP,|SLP|IAH|PEK|CGO|LHW|
LHW|SLW,|SLW|IAH|PEK|CGO|LHW|
LHW|TAM,|TAM|IAH|PEK|CGO|LHW|
LHW|TGU,|TGU|IAH|PEK|CGO|LHW|
LHW|TRC,|TRC|IAH|PEK|CGO|LHW|
LHW|TYR,|TYR|IAH|PEK|CGO|LHW|
LHW|UIO,|UIO|IAH|PEK|CGO|LHW|
LHW|VER,|VER|IAH|PEK|CGO|LHW|
LHW|VPS,|VPS|IAH|PEK|CGO|LHW|
LHW|VSA,|VSA|IAH|PEK|CGO|LHW|
LHW|ZIH,|ZIH|IAH|PEK|CGO|LHW|
LHW|ZLO,|ZLO|IAH|PEK|CGO|LHW|
LHW|KWA,|KWA|PNI|TKK|GUM|HKG|CAN|LHW|
LHW|PNI,|PNI|TKK|GUM|HKG|CAN|LHW|
LHW|KSA,|KSA|PNI|TKK|GUM|HKG|CAN|LHW|
LHW|CLD,|CLD|LAX|PEK|CGO|LHW|
LHW|ITO,|ITO|LAX|PEK|CGO|LHW|
LHW|SBP,|SBP|SFO|PEK|CGO|LHW|
LHW|SMX,|SMX|LAX|PEK|CGO|LHW|
LHW|YUM,|YUM|LAX|PEK|CGO|LHW|
LHW|DDC,|LHW|
LHW|TMS,|TMS|LIS|IST|URC|LHW|
LHW|PHC,|PHC|LOS|IST|URC|LHW|
LHW|GNV,|GNV|MCO|ORD|PEK|CGO|LHW|
LHW|TLH,|TLH|TPA|ORD|PEK|CGO|LHW|
LHW|CKB,|CKB|MGW|IAD|PEK|CGO|LHW|
LHW|BAQ,|BAQ|MIA|ORD|PEK|CGO|LHW|
LHW|CLO,|CLO|MIA|ORD|PEK|CGO|LHW|
LHW|CTG,|CTG|MIA|ORD|PEK|CGO|LHW|
LHW|MDE,|MDE|MIA|ORD|PEK|CGO|LHW|
LHW|ABE,|ABE|ORD|PEK|CGO|LHW|
LHW|ATW,|ATW|ORD|PEK|CGO|LHW|
LHW|AVL,|AVL|ORD|PEK|CGO|LHW|
LHW|AVP,|AVP|ORD|PEK|CGO|LHW|
LHW|CAK,|CAK|ORD|PEK|CGO|LHW|
LHW|CMX,|CMX|ORD|PEK|CGO|LHW|
LHW|CWA,|CWA|ORD|PEK|CGO|LHW|
LHW|DLH,|DLH|ORD|PEK|CGO|LHW|
LHW|EAU,|EAU|ORD|PEK|CGO|LHW|
LHW|ELM,|ELM|ORD|PEK|CGO|LHW|
LHW|FOE,|FOE|ORD|PEK|CGO|LHW|
LHW|FWA,|FWA|ORD|PEK|CGO|LHW|
LHW|GRB,|GRB|ORD|PEK|CGO|LHW|
LHW|HPN,|HPN|ORD|PEK|CGO|LHW|
LHW|LAN,|LAN|ORD|PEK|CGO|LHW|
LHW|MBS,|MBS|ORD|PEK|CGO|LHW|
LHW|MKG,|MKG|ORD|PEK|CGO|LHW|
LHW|PAH,|PAH|ORD|PEK|CGO|LHW|
LHW|SBN,|SBN|ORD|PEK|CGO|LHW|
LHW|SPI,|SPI|ORD|PEK|CGO|LHW|
LHW|SRQ,|SRQ|ORD|PEK|CGO|LHW|
LHW|STC,|STC|ORD|PEK|CGO|LHW|
LHW|TVC,|TVC|ORD|PEK|CGO|LHW|
LHW|LMT,|LMT|PDX|SEA|PEK|CGO|LHW|
LHW|HON,|HON|PIR|DEN|YVR|PEK|CGO|LHW|
LHW|CIC,|CIC|SFO|PEK|CGO|LHW|
LHW|MOD,|MOD|SFO|PEK|CGO|LHW|
LHW|OTH,|OTH|SFO|PEK|CGO|LHW|
LHW|RDD,|RDD|SFO|PEK|CGO|LHW|
LHW|EIS,|EIS|SJU|EWR|PEK|CGO|LHW|
LHW|DME,|DME|VIE|IST|URC|LHW|
LHW|EVN,|EVN|VIE|IST|URC|LHW|
LHW|HOU,|HOU|DEN|YVR|PEK|CGO|LHW|
LHW|MDW,|MDW|DTW|PEK|CGO|LHW|
LHW|OAK,|OAK|SEA|PEK|CGO|LHW|
LHW|ECP,|ECP|BNA|ORD|PEK|CGO|LHW|
LHW|ISP,|ISP|BWI|YYZ|PEK|CGO|LHW|
LHW|YHM,|YHM|YYC|YVR|PEK|CGO|LHW|
LHW|YXX,|YXX|YYC|YVR|PEK|CGO|LHW|
LHW|YBR,|YBR|YYC|YVR|PEK|CGO|LHW|
LHW|YKF,|YKF|YYC|YVR|PEK|CGO|LHW|
LHW|GDN,|LHW|
LHW|TRD,|LHW|
LHW|NKC,|LHW|
LHW|PGA,|LHW|
