YAP|BRU,|BRU|DEL|CAN|MNL|ROR|YAP|
YAP|OUA,|OUA|NIM|IST|CAN|MNL|ROR|YAP|
YAP|JED,|JED|IST|CAN|MNL|ROR|YAP|
YAP|CPH,|CPH|AMS|CAN|MNL|ROR|YAP|
YAP|YYZ,|YYZ|NRT|GUM|YAP|
YAP|DEN,|DEN|HNL|GUM|YAP|
YAP|YUL,|YUL|YYZ|NRT|GUM|YAP|
YAP|NBO,|NBO|CAN|MNL|ROR|YAP|
YAP|ICN,|ICN|FUK|GUM|YAP|
YAP|NRT,|NRT|GUM|YAP|
YAP|YHZ,|YHZ|YYZ|NRT|GUM|YAP|
YAP|YOW,|YOW|YYZ|NRT|GUM|YAP|
YAP|BJM,|BJM|BRU|DEL|CAN|MNL|ROR|YAP|
YAP|COO,|COO|BRU|DEL|CAN|MNL|ROR|YAP|
YAP|DKR,|DKR|BRU|DEL|CAN|MNL|ROR|YAP|
YAP|DLA,|DLA|IST|CAN|MNL|ROR|YAP|
YAP|KGL,|KGL|IST|CAN|MNL|ROR|YAP|
YAP|LAD,|LAD|BRU|DEL|CAN|MNL|ROR|YAP|
YAP|ABJ,|ABJ|OUA|NIM|IST|CAN|MNL|ROR|YAP|
YAP|AMS,|AMS|CAN|MNL|ROR|YAP|
YAP|OSL,|OSL|CPH|AMS|CAN|MNL|ROR|YAP|
YAP|VNO,|VNO|IST|CAN|MNL|ROR|YAP|
YAP|WAW,|WAW|IST|CAN|MNL|ROR|YAP|
YAP|YYC,|YYC|NRT|GUM|YAP|
YAP|ATL,|ATL|LAX|HNL|GUM|YAP|
YAP|MSY,|MSY|IAH|HNL|GUM|YAP|
YAP|YEG,|YEG|YYC|NRT|GUM|YAP|
YAP|YMM,|YMM|YYC|NRT|GUM|YAP|
YAP|YQR,|YQR|YYC|NRT|GUM|YAP|
YAP|YVR,|YVR|NRT|GUM|YAP|
YAP|YWG,|YWG|YYC|NRT|GUM|YAP|
YAP|YXE,|YXE|YYC|NRT|GUM|YAP|
YAP|CKY,|CKY|DKR|BRU|DEL|CAN|MNL|ROR|YAP|
YAP|FIH,|FIH|IST|CAN|MNL|ROR|YAP|
YAP|SCL,|SCL|YYZ|NRT|GUM|YAP|
YAP|LCA,|LCA|FRA|TSE|URC|CAN|MNL|ROR|YAP|
YAP|NAP,|NAP|IST|CAN|MNL|ROR|YAP|
YAP|VLC,|VLC|IST|CAN|MNL|ROR|YAP|
YAP|BKK,|BKK|CAN|MNL|ROR|YAP|
YAP|ADD,|ADD|IST|CAN|MNL|ROR|YAP|
YAP|FRA,|FRA|TSE|URC|CAN|MNL|ROR|YAP|
YAP|IST,|IST|CAN|MNL|ROR|YAP|
YAP|EBB,|EBB|KGL|IST|CAN|MNL|ROR|YAP|
YAP|YLW,|YLW|YVR|NRT|GUM|YAP|
YAP|YYT,|YYT|YYZ|NRT|GUM|YAP|
YAP|GUA,|GUA|IAH|HNL|GUM|YAP|
YAP|EWR,|EWR|NRT|GUM|YAP|
YAP|IAD,|IAD|NRT|GUM|YAP|
YAP|IAH,|IAH|HNL|GUM|YAP|
YAP|ORD,|ORD|NRT|GUM|YAP|
YAP|SOF,|SOF|IST|CAN|MNL|ROR|YAP|
YAP|YQB,|YQB|YYZ|NRT|GUM|YAP|
YAP|YXU,|YXU|YYZ|NRT|GUM|YAP|
YAP|EZE,|EZE|IAH|HNL|GUM|YAP|
YAP|YYJ,|YYJ|YVR|NRT|GUM|YAP|
YAP|YYY,|YYY|YUL|YYZ|NRT|GUM|YAP|
YAP|YQQ,|YQQ|YBL|YVR|NRT|GUM|YAP|
YAP|YYR,|YYR|YWK|YZV|YQB|YYZ|NRT|GUM|YAP|
YAP|LHR,|LHR|CAN|MNL|ROR|YAP|
YAP|SFO,|SFO|HNL|GUM|YAP|
YAP|YQU,|YQU|YYC|NRT|GUM|YAP|
YAP|YZF,|YZF|YYC|NRT|GUM|YAP|
YAP|YGR,|YGR|YGP|YQB|YYZ|NRT|GUM|YAP|
YAP|YGP,|YGP|YQB|YYZ|NRT|GUM|YAP|
YAP|BOS,|BOS|YYZ|NRT|GUM|YAP|
YAP|YDF,|YDF|YYZ|NRT|GUM|YAP|
YAP|YFC,|YFC|YYZ|NRT|GUM|YAP|
YAP|YQM,|YQM|YYZ|NRT|GUM|YAP|
YAP|YQX,|YQX|YHZ|YYZ|NRT|GUM|YAP|
YAP|YQY,|YQY|YYZ|NRT|GUM|YAP|
YAP|YSJ,|YSJ|YYZ|NRT|GUM|YAP|
YAP|YYG,|YYG|YYZ|NRT|GUM|YAP|
YAP|LAX,|LAX|HNL|GUM|YAP|
YAP|DCA,|DCA|YYZ|NRT|GUM|YAP|
YAP|LGA,|LGA|YYZ|NRT|GUM|YAP|
YAP|YZV,|YZV|YQB|YYZ|NRT|GUM|YAP|
YAP|YWL,|YWL|YVR|NRT|GUM|YAP|
YAP|AZS,|AZS|YYZ|NRT|GUM|YAP|
YAP|BDL,|BDL|YYZ|NRT|GUM|YAP|
YAP|CCC,|CCC|YYZ|NRT|GUM|YAP|
YAP|CDG,|CDG|CAN|MNL|ROR|YAP|
YAP|CUN,|CUN|LAX|HNL|GUM|YAP|
YAP|CZM,|CZM|IAH|HNL|GUM|YAP|
YAP|FDF,|FDF|YUL|YYZ|NRT|GUM|YAP|
YAP|FLL,|FLL|IAH|HNL|GUM|YAP|
YAP|GVA,|GVA|IST|CAN|MNL|ROR|YAP|
YAP|HOG,|HOG|YYZ|NRT|GUM|YAP|
YAP|LAS,|LAS|LAX|HNL|GUM|YAP|
YAP|MBJ,|MBJ|IAH|HNL|GUM|YAP|
YAP|MCO,|MCO|IAH|HNL|GUM|YAP|
YAP|MUC,|MUC|IST|CAN|MNL|ROR|YAP|
YAP|PAP,|PAP|YUL|YYZ|NRT|GUM|YAP|
YAP|PTP,|PTP|YUL|YYZ|NRT|GUM|YAP|
YAP|PUJ,|PUJ|ATL|LAX|HNL|GUM|YAP|
YAP|SNU,|SNU|YYZ|NRT|GUM|YAP|
YAP|VRA,|VRA|YYC|NRT|GUM|YAP|
YAP|YBC,|YBC|YUL|YYZ|NRT|GUM|YAP|
YAP|YBG,|YBG|YUL|YYZ|NRT|GUM|YAP|
YAP|YTZ,|YTZ|YUL|YYZ|NRT|GUM|YAP|
YAP|YUY,|YUY|YUL|YYZ|NRT|GUM|YAP|
YAP|YVO,|YVO|YUL|YYZ|NRT|GUM|YAP|
YAP|ZBF,|ZBF|YUL|YYZ|NRT|GUM|YAP|
YAP|ZRH,|ZRH|IST|CAN|MNL|ROR|YAP|
YAP|ZSA,|ZSA|YUL|YYZ|NRT|GUM|YAP|
YAP|AKL,|AKL|CAN|MNL|ROR|YAP|
YAP|HKG,|HKG|CAN|MNL|ROR|YAP|
YAP|HND,|HND|HNL|GUM|YAP|
YAP|HNL,|HNL|GUM|YAP|
YAP|MEX,|MEX|LAX|HNL|GUM|YAP|
YAP|OGG,|OGG|HNL|GUM|YAP|
YAP|PDX,|PDX|SEA|NRT|GUM|YAP|
YAP|PEK,|PEK|ICN|FUK|GUM|YAP|
YAP|PVG,|PVG|CAN|MNL|ROR|YAP|
YAP|PVR,|PVR|LAX|HNL|GUM|YAP|
YAP|SEA,|SEA|NRT|GUM|YAP|
YAP|SYD,|SYD|CAN|MNL|ROR|YAP|
YAP|YBL,|YBL|YVR|NRT|GUM|YAP|
YAP|YCD,|YCD|YVR|NRT|GUM|YAP|
YAP|YCG,|YCG|YVR|NRT|GUM|YAP|
YAP|YKA,|YKA|YVR|NRT|GUM|YAP|
YAP|YPR,|YPR|YVR|NRT|GUM|YAP|
YAP|YQZ,|YQZ|YVR|NRT|GUM|YAP|
YAP|YXC,|YXC|YVR|NRT|GUM|YAP|
YAP|YXJ,|YXJ|YVR|NRT|GUM|YAP|
YAP|YXS,|YXS|YVR|NRT|GUM|YAP|
YAP|YXT,|YXT|YVR|NRT|GUM|YAP|
YAP|YXY,|YXY|YVR|NRT|GUM|YAP|
YAP|YYD,|YYD|YVR|NRT|GUM|YAP|
YAP|YYF,|YYF|YVR|NRT|GUM|YAP|
YAP|YZP,|YZP|YVR|NRT|GUM|YAP|
YAP|YQT,|YQT|YWG|YYC|NRT|GUM|YAP|
YAP|SJD,|SJD|LAX|HNL|GUM|YAP|
YAP|YQF,|YQF|YYC|NRT|GUM|YAP|
YAP|YQL,|YQL|YYC|NRT|GUM|YAP|
YAP|YXH,|YXH|YYC|NRT|GUM|YAP|
YAP|YWK,|YWK|YZV|YQB|YYZ|NRT|GUM|YAP|
YAP|ANU,|ANU|EWR|NRT|GUM|YAP|
YAP|AUA,|AUA|ATL|LAX|HNL|GUM|YAP|
YAP|AUH,|AUH|IST|CAN|MNL|ROR|YAP|
YAP|BCN,|BCN|IST|CAN|MNL|ROR|YAP|
YAP|BDA,|BDA|EWR|NRT|GUM|YAP|
YAP|BGI,|BGI|YYZ|NRT|GUM|YAP|
YAP|BNA,|BNA|LAX|HNL|GUM|YAP|
YAP|BOG,|BOG|IAH|HNL|GUM|YAP|
YAP|BWI,|BWI|YYZ|NRT|GUM|YAP|
YAP|CLE,|CLE|ORD|NRT|GUM|YAP|
YAP|CLT,|CLT|ORD|NRT|GUM|YAP|
YAP|CMH,|CMH|ORD|NRT|GUM|YAP|
YAP|CVG,|CVG|ORD|NRT|GUM|YAP|
YAP|DFW,|DFW|LAX|HNL|GUM|YAP|
YAP|DTW,|DTW|ORD|NRT|GUM|YAP|
YAP|DUB,|DUB|IST|CAN|MNL|ROR|YAP|
YAP|FCO,|FCO|IST|CAN|MNL|ROR|YAP|
YAP|GCM,|GCM|IAH|HNL|GUM|YAP|
YAP|GGT,|GGT|FLL|IAH|HNL|GUM|YAP|
YAP|GND,|GND|YYZ|NRT|GUM|YAP|
YAP|GRU,|GRU|IAH|HNL|GUM|YAP|
YAP|HAV,|HAV|YYZ|NRT|GUM|YAP|
YAP|IND,|IND|ORD|NRT|GUM|YAP|
YAP|JFK,|JFK|NRT|GUM|YAP|
YAP|KIN,|KIN|YYZ|NRT|GUM|YAP|
YAP|LIM,|LIM|IAH|HNL|GUM|YAP|
YAP|LIR,|LIR|IAH|HNL|GUM|YAP|
YAP|MCI,|MCI|SFO|HNL|GUM|YAP|
YAP|MDT,|MDT|YYZ|NRT|GUM|YAP|
YAP|MIA,|MIA|IAH|HNL|GUM|YAP|
YAP|MKE,|MKE|ORD|NRT|GUM|YAP|
YAP|MSP,|MSP|SFO|HNL|GUM|YAP|
YAP|NAS,|NAS|IAH|HNL|GUM|YAP|
YAP|PHL,|PHL|YYZ|NRT|GUM|YAP|
YAP|PHX,|PHX|LAX|HNL|GUM|YAP|
YAP|PIT,|PIT|YYZ|NRT|GUM|YAP|
YAP|PLS,|PLS|YYZ|NRT|GUM|YAP|
YAP|POP,|POP|YYZ|NRT|GUM|YAP|
YAP|RDU,|RDU|ORD|NRT|GUM|YAP|
YAP|ROC,|ROC|YYZ|NRT|GUM|YAP|
YAP|RSW,|RSW|IAH|HNL|GUM|YAP|
YAP|SAN,|SAN|LAX|HNL|GUM|YAP|
YAP|SJO,|SJO|IAH|HNL|GUM|YAP|
YAP|STL,|STL|SFO|HNL|GUM|YAP|
YAP|SYR,|SYR|YYZ|NRT|GUM|YAP|
YAP|TLV,|TLV|IST|CAN|MNL|ROR|YAP|
YAP|TPA,|TPA|IAH|HNL|GUM|YAP|
YAP|UVF,|UVF|EWR|NRT|GUM|YAP|
YAP|VIE,|VIE|IST|CAN|MNL|ROR|YAP|
YAP|YAM,|YAM|YYZ|NRT|GUM|YAP|
YAP|YGK,|YGK|YYZ|NRT|GUM|YAP|
YAP|YQG,|YQG|YYC|NRT|GUM|YAP|
YAP|YSB,|YSB|YYZ|NRT|GUM|YAP|
YAP|YTS,|YTS|YYZ|NRT|GUM|YAP|
YAP|YYB,|YYB|YYZ|NRT|GUM|YAP|
YAP|YZR,|YZR|YYZ|NRT|GUM|YAP|
YAP|CAN,|CAN|MNL|ROR|YAP|
YAP|URC,|URC|CAN|MNL|ROR|YAP|
YAP|CTU,|CTU|CAN|MNL|ROR|YAP|
YAP|HGH,|HGH|XMN|MNL|ROR|YAP|
YAP|XMN,|XMN|MNL|ROR|YAP|
YAP|CGO,|CGO|XMN|MNL|ROR|YAP|
YAP|CSX,|CSX|XMN|MNL|ROR|YAP|
YAP|SHE,|SHE|FUK|GUM|YAP|
YAP|SJW,|SJW|HGH|XMN|MNL|ROR|YAP|
YAP|WUH,|WUH|XMN|MNL|ROR|YAP|
YAP|SZX,|SZX|XMN|MNL|ROR|YAP|
YAP|CKG,|CKG|CAN|MNL|ROR|YAP|
YAP|KMG,|KMG|CAN|MNL|ROR|YAP|
YAP|FOC,|FOC|CAN|MNL|ROR|YAP|
YAP|NNG,|NNG|CAN|MNL|ROR|YAP|
YAP|SWA,|SWA|CAN|MNL|ROR|YAP|
YAP|ACX,|ACX|CAN|MNL|ROR|YAP|
YAP|AQG,|AQG|CAN|MNL|ROR|YAP|
YAP|AVA,|AVA|CAN|MNL|ROR|YAP|
YAP|BFJ,|BFJ|CAN|MNL|ROR|YAP|
YAP|BHY,|BHY|CAN|MNL|ROR|YAP|
YAP|BNE,|BNE|CAN|MNL|ROR|YAP|
YAP|CGD,|CGD|CAN|MNL|ROR|YAP|
YAP|CGK,|CGK|CAN|MNL|ROR|YAP|
YAP|CGQ,|CGQ|ICN|FUK|GUM|YAP|
YAP|CIH,|CIH|CAN|MNL|ROR|YAP|
YAP|CNX,|CNX|CAN|MNL|ROR|YAP|
YAP|CZX,|CZX|CAN|MNL|ROR|YAP|
YAP|DAC,|DAC|CAN|MNL|ROR|YAP|
YAP|DAD,|DAD|CAN|MNL|ROR|YAP|
YAP|DEL,|DEL|CAN|MNL|ROR|YAP|
YAP|DIG,|DIG|CAN|MNL|ROR|YAP|
YAP|DLC,|DLC|ICN|FUK|GUM|YAP|
YAP|DPS,|DPS|CAN|MNL|ROR|YAP|
YAP|DXB,|DXB|CAN|MNL|ROR|YAP|
YAP|DYG,|DYG|CAN|MNL|ROR|YAP|
YAP|FUG,|FUG|CAN|MNL|ROR|YAP|
YAP|FUK,|FUK|GUM|YAP|
YAP|HAK,|HAK|CAN|MNL|ROR|YAP|
YAP|HAN,|HAN|CAN|MNL|ROR|YAP|
YAP|HDG,|HDG|CAN|MNL|ROR|YAP|
YAP|HET,|HET|NKG|XMN|MNL|ROR|YAP|
YAP|HFE,|HFE|XMN|MNL|ROR|YAP|
YAP|HJJ,|HJJ|CAN|MNL|ROR|YAP|
YAP|HKT,|HKT|CAN|MNL|ROR|YAP|
YAP|HRB,|HRB|KIX|GUM|YAP|
YAP|HZH,|HZH|CAN|MNL|ROR|YAP|
YAP|JIU,|JIU|CAN|MNL|ROR|YAP|
YAP|JJN,|JJN|CAN|MNL|ROR|YAP|
YAP|JNG,|JNG|CAN|MNL|ROR|YAP|
YAP|KHN,|KHN|XMN|MNL|ROR|YAP|
YAP|KIX,|KIX|GUM|YAP|
YAP|KOW,|KOW|CAN|MNL|ROR|YAP|
YAP|KTM,|KTM|CAN|MNL|ROR|YAP|
YAP|KUL,|KUL|CAN|MNL|ROR|YAP|
YAP|KWE,|KWE|CAN|MNL|ROR|YAP|
YAP|KWL,|KWL|CAN|MNL|ROR|YAP|
YAP|LHW,|LHW|CAN|MNL|ROR|YAP|
YAP|LYA,|LYA|KHN|XMN|MNL|ROR|YAP|
YAP|LYG,|LYG|HSN|XMN|MNL|ROR|YAP|
YAP|LZH,|LZH|CAN|MNL|ROR|YAP|
YAP|MEL,|MEL|CAN|MNL|ROR|YAP|
YAP|MIG,|MIG|CAN|MNL|ROR|YAP|
YAP|MLE,|MLE|CAN|MNL|ROR|YAP|
YAP|MNL,|MNL|ROR|YAP|
YAP|MXZ,|MXZ|CAN|MNL|ROR|YAP|
YAP|NAO,|NAO|CAN|MNL|ROR|YAP|
YAP|NGB,|NGB|XMN|MNL|ROR|YAP|
YAP|NKG,|NKG|XMN|MNL|ROR|YAP|
YAP|NNY,|NNY|CAN|MNL|ROR|YAP|
YAP|PEN,|PEN|CAN|MNL|ROR|YAP|
YAP|PER,|PER|CAN|MNL|ROR|YAP|
YAP|PNH,|PNH|CAN|MNL|ROR|YAP|
YAP|REP,|REP|CAN|MNL|ROR|YAP|
YAP|RGN,|RGN|CAN|MNL|ROR|YAP|
YAP|SGN,|SGN|CAN|MNL|ROR|YAP|
YAP|SHA,|SHA|XMN|MNL|ROR|YAP|
YAP|SIN,|SIN|CAN|MNL|ROR|YAP|
YAP|SVO,|SVO|CAN|MNL|ROR|YAP|
YAP|SYX,|SYX|CAN|MNL|ROR|YAP|
YAP|TAO,|TAO|XMN|MNL|ROR|YAP|
YAP|TEN,|TEN|CAN|MNL|ROR|YAP|
YAP|TNA,|TNA|XMN|MNL|ROR|YAP|
YAP|TPE,|TPE|CAN|MNL|ROR|YAP|
YAP|TSN,|TSN|DLC|ICN|FUK|GUM|YAP|
YAP|TXN,|TXN|XMN|MNL|ROR|YAP|
YAP|TYN,|TYN|XMN|MNL|ROR|YAP|
YAP|WNZ,|WNZ|CAN|MNL|ROR|YAP|
YAP|WUX,|WUX|CAN|MNL|ROR|YAP|
YAP|XFN,|XFN|XMN|MNL|ROR|YAP|
YAP|XIY,|XIY|XMN|MNL|ROR|YAP|
YAP|XUZ,|XUZ|CAN|MNL|ROR|YAP|
YAP|YIH,|YIH|XMN|MNL|ROR|YAP|
YAP|YIW,|YIW|XMN|MNL|ROR|YAP|
YAP|YNT,|YNT|SHE|FUK|GUM|YAP|
YAP|YNZ,|YNZ|XMN|MNL|ROR|YAP|
YAP|YTY,|YTY|CAN|MNL|ROR|YAP|
YAP|ZHA,|ZHA|CAN|MNL|ROR|YAP|
YAP|ZYI,|ZYI|CAN|MNL|ROR|YAP|
YAP|BAV,|BAV|CGO|XMN|MNL|ROR|YAP|
YAP|CJU,|CJU|DLC|ICN|FUK|GUM|YAP|
YAP|DSN,|DSN|CGO|XMN|MNL|ROR|YAP|
YAP|HMI,|HMI|CGO|XMN|MNL|ROR|YAP|
YAP|INC,|INC|WUH|XMN|MNL|ROR|YAP|
YAP|KHH,|KHH|WUH|XMN|MNL|ROR|YAP|
YAP|UYN,|UYN|CGO|XMN|MNL|ROR|YAP|
YAP|XNN,|XNN|CKG|CAN|MNL|ROR|YAP|
YAP|ZUH,|ZUH|XMN|MNL|ROR|YAP|
YAP|YNJ,|YNJ|ICN|FUK|GUM|YAP|
YAP|DAT,|DAT|TYN|XMN|MNL|ROR|YAP|
YAP|JHG,|JHG|KMG|CAN|MNL|ROR|YAP|
YAP|LJG,|LJG|KMG|CAN|MNL|ROR|YAP|
YAP|LXA,|LXA|CKG|CAN|MNL|ROR|YAP|
YAP|YCU,|YCU|CSX|XMN|MNL|ROR|YAP|
YAP|LZO,|LZO|CSX|XMN|MNL|ROR|YAP|
YAP|MDG,|MDG|ICN|FUK|GUM|YAP|
YAP|NGO,|NGO|GUM|YAP|
YAP|TOY,|TOY|DLC|ICN|FUK|GUM|YAP|
YAP|MFM,|MFM|XMN|MNL|ROR|YAP|
YAP|TGO,|TGO|HET|NKG|XMN|MNL|ROR|YAP|
YAP|XIL,|XIL|HET|NKG|XMN|MNL|ROR|YAP|
YAP|HEK,|HEK|HRB|KIX|GUM|YAP|
YAP|KIJ,|KIJ|HRB|KIX|GUM|YAP|
YAP|LDS,|LDS|HRB|KIX|GUM|YAP|
YAP|OHE,|OHE|HRB|KIX|GUM|YAP|
YAP|HSN,|HSN|XMN|MNL|ROR|YAP|
YAP|DLU,|DLU|KMG|CAN|MNL|ROR|YAP|
YAP|SYM,|SYM|KMG|CAN|MNL|ROR|YAP|
YAP|ZAT,|ZAT|KMG|CAN|MNL|ROR|YAP|
YAP|LUN,|LUN|NBO|CAN|MNL|ROR|YAP|
YAP|AOG,|AOG|PEK|ICN|FUK|GUM|YAP|
YAP|GMP,|GMP|PEK|ICN|FUK|GUM|YAP|
YAP|ISB,|ISB|URC|CAN|MNL|ROR|YAP|
YAP|TAS,|TAS|URC|CAN|MNL|ROR|YAP|
YAP|WUS,|WUS|PEK|ICN|FUK|GUM|YAP|
YAP|JMU,|JMU|PVG|CAN|MNL|ROR|YAP|
YAP|NDG,|NDG|PVG|CAN|MNL|ROR|YAP|
YAP|JXA,|JXA|SHE|FUK|GUM|YAP|
YAP|PUS,|PUS|SHE|FUK|GUM|YAP|
YAP|BKI,|BKI|SZX|XMN|MNL|ROR|YAP|
YAP|AKU,|AKU|URC|CAN|MNL|ROR|YAP|
YAP|ALA,|ALA|URC|CAN|MNL|ROR|YAP|
YAP|ASB,|ASB|URC|CAN|MNL|ROR|YAP|
YAP|DNH,|DNH|XIY|XMN|MNL|ROR|YAP|
YAP|DYU,|DYU|URC|CAN|MNL|ROR|YAP|
YAP|FRU,|FRU|URC|CAN|MNL|ROR|YAP|
YAP|GYD,|GYD|URC|CAN|MNL|ROR|YAP|
YAP|HTN,|HTN|URC|CAN|MNL|ROR|YAP|
YAP|IKA,|IKA|URC|CAN|MNL|ROR|YAP|
YAP|KCA,|KCA|URC|CAN|MNL|ROR|YAP|
YAP|KHG,|KHG|URC|CAN|MNL|ROR|YAP|
YAP|KRL,|KRL|URC|CAN|MNL|ROR|YAP|
YAP|KRY,|KRY|URC|CAN|MNL|ROR|YAP|
YAP|LBD,|LBD|URC|CAN|MNL|ROR|YAP|
YAP|NLT,|NLT|URC|CAN|MNL|ROR|YAP|
YAP|OSS,|OSS|URC|CAN|MNL|ROR|YAP|
YAP|OVB,|OVB|URC|CAN|MNL|ROR|YAP|
YAP|TBS,|TBS|URC|CAN|MNL|ROR|YAP|
YAP|TCG,|TCG|URC|CAN|MNL|ROR|YAP|
YAP|TSE,|TSE|URC|CAN|MNL|ROR|YAP|
YAP|YIN,|YIN|URC|CAN|MNL|ROR|YAP|
YAP|ENH,|ENH|WUH|XMN|MNL|ROR|YAP|
YAP|ENY,|ENY|XIY|XMN|MNL|ROR|YAP|
YAP|WXN,|WXN|XMN|MNL|ROR|YAP|
YAP|BLL,|BLL|IST|CAN|MNL|ROR|YAP|
YAP|ESB,|ESB|IST|CAN|MNL|ROR|YAP|
YAP|SAW,|SAW|TBS|URC|CAN|MNL|ROR|YAP|
YAP|HAM,|HAM|IST|CAN|MNL|ROR|YAP|
YAP|HRE,|HRE|ADD|IST|CAN|MNL|ROR|YAP|
YAP|JUB,|JUB|CAI|IST|CAN|MNL|ROR|YAP|
YAP|SSG,|SSG|DLA|IST|CAN|MNL|ROR|YAP|
YAP|BGW,|BGW|IST|CAN|MNL|ROR|YAP|
YAP|EBL,|EBL|IST|CAN|MNL|ROR|YAP|
YAP|VKO,|VKO|IST|CAN|MNL|ROR|YAP|
YAP|MCT,|MCT|IST|CAN|MNL|ROR|YAP|
YAP|AYT,|AYT|IST|CAN|MNL|ROR|YAP|
YAP|SCQ,|SCQ|BIO|IST|CAN|MNL|ROR|YAP|
YAP|AAL,|AAL|IST|CAN|MNL|ROR|YAP|
YAP|AOE,|AOE|BRU|DEL|CAN|MNL|ROR|YAP|
YAP|JNB,|JNB|IST|CAN|MNL|ROR|YAP|
YAP|LBV,|LBV|DLA|IST|CAN|MNL|ROR|YAP|
YAP|ADA,|ADA|IST|CAN|MNL|ROR|YAP|
YAP|ADB,|ADB|IST|CAN|MNL|ROR|YAP|
YAP|ADF,|ADF|IST|CAN|MNL|ROR|YAP|
YAP|AJI,|AJI|IST|CAN|MNL|ROR|YAP|
YAP|BAL,|BAL|IST|CAN|MNL|ROR|YAP|
YAP|BJV,|BJV|IST|CAN|MNL|ROR|YAP|
YAP|CKZ,|CKZ|ESB|IST|CAN|MNL|ROR|YAP|
YAP|DIY,|DIY|IST|CAN|MNL|ROR|YAP|
YAP|ECN,|ECN|IST|CAN|MNL|ROR|YAP|
YAP|ERC,|ERC|IST|CAN|MNL|ROR|YAP|
YAP|ERZ,|ERZ|IST|CAN|MNL|ROR|YAP|
YAP|EZS,|EZS|IST|CAN|MNL|ROR|YAP|
YAP|GNY,|GNY|IST|CAN|MNL|ROR|YAP|
YAP|GZP,|GZP|ESB|IST|CAN|MNL|ROR|YAP|
YAP|GZT,|GZT|IST|CAN|MNL|ROR|YAP|
YAP|HTY,|HTY|IST|CAN|MNL|ROR|YAP|
YAP|KCM,|KCM|IST|CAN|MNL|ROR|YAP|
YAP|KSY,|KSY|IST|CAN|MNL|ROR|YAP|
YAP|MLX,|MLX|IST|CAN|MNL|ROR|YAP|
YAP|MQM,|MQM|IST|CAN|MNL|ROR|YAP|
YAP|MSR,|MSR|IST|CAN|MNL|ROR|YAP|
YAP|TEQ,|TEQ|ESB|IST|CAN|MNL|ROR|YAP|
YAP|TZX,|TZX|IST|CAN|MNL|ROR|YAP|
YAP|VAN,|VAN|IST|CAN|MNL|ROR|YAP|
YAP|ULN,|ULN|FRU|URC|CAN|MNL|ROR|YAP|
YAP|HIJ,|HIJ|ICN|FUK|GUM|YAP|
YAP|VVO,|VVO|ICN|FUK|GUM|YAP|
YAP|ACC,|ACC|IST|CAN|MNL|ROR|YAP|
YAP|AER,|AER|IST|CAN|MNL|ROR|YAP|
YAP|AGP,|AGP|IST|CAN|MNL|ROR|YAP|
YAP|ALG,|ALG|IST|CAN|MNL|ROR|YAP|
YAP|AMM,|AMM|IST|CAN|MNL|ROR|YAP|
YAP|AQJ,|AQJ|IST|CAN|MNL|ROR|YAP|
YAP|ARN,|ARN|IST|CAN|MNL|ROR|YAP|
YAP|ASR,|ASR|IST|CAN|MNL|ROR|YAP|
YAP|ATH,|ATH|IST|CAN|MNL|ROR|YAP|
YAP|BAH,|BAH|IST|CAN|MNL|ROR|YAP|
YAP|BEG,|BEG|IST|CAN|MNL|ROR|YAP|
YAP|BEN,|BEN|IST|CAN|MNL|ROR|YAP|
YAP|BEY,|BEY|IST|CAN|MNL|ROR|YAP|
YAP|BHX,|BHX|BRU|DEL|CAN|MNL|ROR|YAP|
YAP|BIO,|BIO|IST|CAN|MNL|ROR|YAP|
YAP|BLQ,|BLQ|IST|CAN|MNL|ROR|YAP|
YAP|BOM,|BOM|IST|CAN|MNL|ROR|YAP|
YAP|BRE,|BRE|IST|CAN|MNL|ROR|YAP|
YAP|BSL,|BSL|IST|CAN|MNL|ROR|YAP|
YAP|BSR,|BSR|IST|CAN|MNL|ROR|YAP|
YAP|BUD,|BUD|IST|CAN|MNL|ROR|YAP|
YAP|BUS,|BUS|IST|CAN|MNL|ROR|YAP|
YAP|CAI,|CAI|IST|CAN|MNL|ROR|YAP|
YAP|CGN,|CGN|IST|CAN|MNL|ROR|YAP|
YAP|CMN,|CMN|IST|CAN|MNL|ROR|YAP|
YAP|CND,|CND|IST|CAN|MNL|ROR|YAP|
YAP|DAR,|DAR|NBO|CAN|MNL|ROR|YAP|
YAP|DLM,|DLM|IST|CAN|MNL|ROR|YAP|
YAP|DMM,|DMM|IST|CAN|MNL|ROR|YAP|
YAP|DNK,|DNK|IST|CAN|MNL|ROR|YAP|
YAP|DNZ,|DNZ|IST|CAN|MNL|ROR|YAP|
YAP|DOK,|DOK|IST|CAN|MNL|ROR|YAP|
YAP|DUS,|DUS|IST|CAN|MNL|ROR|YAP|
YAP|EDI,|EDI|IST|CAN|MNL|ROR|YAP|
YAP|ELQ,|ELQ|IST|CAN|MNL|ROR|YAP|
YAP|FDH,|FDH|IST|CAN|MNL|ROR|YAP|
YAP|GOA,|GOA|IST|CAN|MNL|ROR|YAP|
YAP|GOT,|GOT|IST|CAN|MNL|ROR|YAP|
YAP|HAJ,|HAJ|IST|CAN|MNL|ROR|YAP|
YAP|HBE,|HBE|IST|CAN|MNL|ROR|YAP|
YAP|HEL,|HEL|IST|CAN|MNL|ROR|YAP|
YAP|HRG,|HRG|IST|CAN|MNL|ROR|YAP|
YAP|IFN,|IFN|IST|CAN|MNL|ROR|YAP|
YAP|ISE,|ISE|IST|CAN|MNL|ROR|YAP|
YAP|ISU,|ISU|IST|CAN|MNL|ROR|YAP|
YAP|JIB,|JIB|IST|CAN|MNL|ROR|YAP|
YAP|JRO,|JRO|IST|CAN|MNL|ROR|YAP|
YAP|KAN,|KAN|IST|CAN|MNL|ROR|YAP|
YAP|KBL,|KBL|IST|CAN|MNL|ROR|YAP|
YAP|KBP,|KBP|IST|CAN|MNL|ROR|YAP|
YAP|KFS,|KFS|IST|CAN|MNL|ROR|YAP|
YAP|KHI,|KHI|IST|CAN|MNL|ROR|YAP|
YAP|KIV,|KIV|IST|CAN|MNL|ROR|YAP|
YAP|KRT,|KRT|IST|CAN|MNL|ROR|YAP|
YAP|KSH,|KSH|IST|CAN|MNL|ROR|YAP|
YAP|KVD,|KVD|IST|CAN|MNL|ROR|YAP|
YAP|KWI,|KWI|IST|CAN|MNL|ROR|YAP|
YAP|KYA,|KYA|IST|CAN|MNL|ROR|YAP|
YAP|KZN,|KZN|IST|CAN|MNL|ROR|YAP|
YAP|KZR,|KZR|IST|CAN|MNL|ROR|YAP|
YAP|LED,|LED|IST|CAN|MNL|ROR|YAP|
YAP|LEJ,|LEJ|IST|CAN|MNL|ROR|YAP|
YAP|LGW,|LGW|IST|CAN|MNL|ROR|YAP|
YAP|LHE,|LHE|IST|CAN|MNL|ROR|YAP|
YAP|LIS,|LIS|IST|CAN|MNL|ROR|YAP|
YAP|LJU,|LJU|IST|CAN|MNL|ROR|YAP|
YAP|LOS,|LOS|IST|CAN|MNL|ROR|YAP|
YAP|LUX,|LUX|IST|CAN|MNL|ROR|YAP|
YAP|LWO,|LWO|IST|CAN|MNL|ROR|YAP|
YAP|LYS,|LYS|IST|CAN|MNL|ROR|YAP|
YAP|MAD,|MAD|IST|CAN|MNL|ROR|YAP|
YAP|MAN,|MAN|IST|CAN|MNL|ROR|YAP|
YAP|MED,|MED|IST|CAN|MNL|ROR|YAP|
YAP|MHD,|MHD|IST|CAN|MNL|ROR|YAP|
YAP|MLA,|MLA|IST|CAN|MNL|ROR|YAP|
YAP|MRS,|MRS|IST|CAN|MNL|ROR|YAP|
YAP|MSQ,|MSQ|IST|CAN|MNL|ROR|YAP|
YAP|MXP,|MXP|IST|CAN|MNL|ROR|YAP|
YAP|MZH,|MZH|IST|CAN|MNL|ROR|YAP|
YAP|MZR,|MZR|IST|CAN|MNL|ROR|YAP|
YAP|NAJ,|NAJ|IST|CAN|MNL|ROR|YAP|
YAP|NAV,|NAV|IST|CAN|MNL|ROR|YAP|
YAP|NCE,|NCE|IST|CAN|MNL|ROR|YAP|
YAP|NIM,|NIM|IST|CAN|MNL|ROR|YAP|
YAP|NJF,|NJF|IST|CAN|MNL|ROR|YAP|
YAP|NSI,|NSI|IST|CAN|MNL|ROR|YAP|
YAP|NUE,|NUE|IST|CAN|MNL|ROR|YAP|
YAP|ODS,|ODS|IST|CAN|MNL|ROR|YAP|
YAP|ORN,|ORN|IST|CAN|MNL|ROR|YAP|
YAP|OTP,|OTP|IST|CAN|MNL|ROR|YAP|
YAP|PRG,|PRG|IST|CAN|MNL|ROR|YAP|
YAP|PRN,|PRN|IST|CAN|MNL|ROR|YAP|
YAP|RIX,|RIX|IST|CAN|MNL|ROR|YAP|
YAP|ROV,|ROV|IST|CAN|MNL|ROR|YAP|
YAP|RTM,|RTM|IST|CAN|MNL|ROR|YAP|
YAP|RUH,|RUH|IST|CAN|MNL|ROR|YAP|
YAP|SAH,|SAH|IST|CAN|MNL|ROR|YAP|
YAP|SJJ,|SJJ|IST|CAN|MNL|ROR|YAP|
YAP|SKG,|SKG|IST|CAN|MNL|ROR|YAP|
YAP|SKP,|SKP|IST|CAN|MNL|ROR|YAP|
YAP|SSH,|SSH|IST|CAN|MNL|ROR|YAP|
YAP|STR,|STR|IST|CAN|MNL|ROR|YAP|
YAP|SVX,|SVX|IST|CAN|MNL|ROR|YAP|
YAP|SYZ,|SYZ|IST|CAN|MNL|ROR|YAP|
YAP|SZG,|SZG|IST|CAN|MNL|ROR|YAP|
YAP|TBZ,|TBZ|IST|CAN|MNL|ROR|YAP|
YAP|TGD,|TGD|IST|CAN|MNL|ROR|YAP|
YAP|TIA,|TIA|IST|CAN|MNL|ROR|YAP|
YAP|TIF,|TIF|IST|CAN|MNL|ROR|YAP|
YAP|TIP,|TIP|IST|CAN|MNL|ROR|YAP|
YAP|TLL,|TLL|IST|CAN|MNL|ROR|YAP|
YAP|TLS,|TLS|IST|CAN|MNL|ROR|YAP|
YAP|TRN,|TRN|IST|CAN|MNL|ROR|YAP|
YAP|TUN,|TUN|IST|CAN|MNL|ROR|YAP|
YAP|TXL,|TXL|IST|CAN|MNL|ROR|YAP|
YAP|UFA,|UFA|IST|CAN|MNL|ROR|YAP|
YAP|VAS,|VAS|IST|CAN|MNL|ROR|YAP|
YAP|VCE,|VCE|IST|CAN|MNL|ROR|YAP|
YAP|YNB,|YNB|IST|CAN|MNL|ROR|YAP|
YAP|ZAG,|ZAG|IST|CAN|MNL|ROR|YAP|
YAP|MGQ,|MGQ|JIB|IST|CAN|MNL|ROR|YAP|
YAP|CPT,|CPT|JNB|IST|CAN|MNL|ROR|YAP|
YAP|MBA,|MBA|JRO|IST|CAN|MNL|ROR|YAP|
YAP|NDJ,|NDJ|KAN|IST|CAN|MNL|ROR|YAP|
YAP|CMB,|CMB|MLE|CAN|MNL|ROR|YAP|
YAP|ADE,|ADE|SAH|IST|CAN|MNL|ROR|YAP|
YAP|ASF,|ASF|SAW|TBS|URC|CAN|MNL|ROR|YAP|
YAP|STW,|STW|SAW|TBS|URC|CAN|MNL|ROR|YAP|
YAP|LFW,|LFW|ABJ|OUA|NIM|IST|CAN|MNL|ROR|YAP|
YAP|CEC,|CEC|SFO|HNL|GUM|YAP|
YAP|SMF,|SMF|SFO|HNL|GUM|YAP|
YAP|CDR,|CDR|AIA|DEN|HNL|GUM|YAP|
YAP|FMN,|FMN|SOW|PHX|LAX|HNL|GUM|YAP|
YAP|JST,|JST|IAD|NRT|GUM|YAP|
YAP|JHW,|JHW|CLE|ORD|NRT|GUM|YAP|
YAP|SHD,|SHD|IAD|NRT|GUM|YAP|
YAP|PTY,|PTY|LAX|HNL|GUM|YAP|
YAP|FNA,|FNA|BRU|DEL|CAN|MNL|ROR|YAP|
YAP|SXB,|SXB|BRU|DEL|CAN|MNL|ROR|YAP|
YAP|ACV,|ACV|SFO|HNL|GUM|YAP|
YAP|MGW,|MGW|IAD|NRT|GUM|YAP|
YAP|ALB,|ALB|EWR|NRT|GUM|YAP|
YAP|AUS,|AUS|LAX|HNL|GUM|YAP|
YAP|BFD,|BFD|CLE|ORD|NRT|GUM|YAP|
YAP|BUF,|BUF|ORD|NRT|GUM|YAP|
YAP|CHS,|CHS|ATL|LAX|HNL|GUM|YAP|
YAP|DAY,|DAY|ORD|NRT|GUM|YAP|
YAP|DUJ,|DUJ|CLE|ORD|NRT|GUM|YAP|
YAP|ERI,|ERI|CLE|ORD|NRT|GUM|YAP|
YAP|FKL,|FKL|CLE|ORD|NRT|GUM|YAP|
YAP|FNT,|FNT|CLE|ORD|NRT|GUM|YAP|
YAP|GRR,|GRR|ORD|NRT|GUM|YAP|
YAP|GSP,|GSP|ORD|NRT|GUM|YAP|
YAP|PBI,|PBI|IAH|HNL|GUM|YAP|
YAP|PKB,|PKB|CLE|ORD|NRT|GUM|YAP|
YAP|RIC,|RIC|IAD|NRT|GUM|YAP|
YAP|SDF,|SDF|ORD|NRT|GUM|YAP|
YAP|GUM,|GUM|YAP|
YAP|WRL,|WRL|CYS|DEN|HNL|GUM|YAP|
YAP|LBL,|YAP|
YAP|ABQ,|ABQ|LAX|HNL|GUM|YAP|
YAP|AIA,|AIA|DEN|HNL|GUM|YAP|
YAP|ALS,|ALS|FMN|SOW|PHX|LAX|HNL|GUM|YAP|
YAP|AMA,|AMA|LAS|LAX|HNL|GUM|YAP|
YAP|ANC,|ANC|SEA|NRT|GUM|YAP|
YAP|ASE,|ASE|LAX|HNL|GUM|YAP|
YAP|BFL,|BFL|SFO|HNL|GUM|YAP|
YAP|BHM,|BHM|DAL|ABQ|LAX|HNL|GUM|YAP|
YAP|BIL,|BIL|DEN|HNL|GUM|YAP|
YAP|BIS,|BIS|DEN|HNL|GUM|YAP|
YAP|BOI,|BOI|SFO|HNL|GUM|YAP|
YAP|BUR,|BUR|SFO|HNL|GUM|YAP|
YAP|BZN,|BZN|DEN|HNL|GUM|YAP|
YAP|CID,|CID|DEN|HNL|GUM|YAP|
YAP|COD,|COD|DEN|HNL|GUM|YAP|
YAP|COS,|COS|SFO|HNL|GUM|YAP|
YAP|CPR,|CPR|DEN|HNL|GUM|YAP|
YAP|CYS,|CYS|DEN|HNL|GUM|YAP|
YAP|DIK,|DIK|DEN|HNL|GUM|YAP|
YAP|DRO,|DRO|DEN|HNL|GUM|YAP|
YAP|DSM,|DSM|DEN|HNL|GUM|YAP|
YAP|EGE,|EGE|DEN|HNL|GUM|YAP|
YAP|ELP,|ELP|LAX|HNL|GUM|YAP|
YAP|EUG,|EUG|PDX|SEA|NRT|GUM|YAP|
YAP|FAR,|FAR|DEN|HNL|GUM|YAP|
YAP|FAT,|FAT|SFO|HNL|GUM|YAP|
YAP|FCA,|FCA|DEN|HNL|GUM|YAP|
YAP|FSD,|FSD|DEN|HNL|GUM|YAP|
YAP|GCC,|GCC|DEN|HNL|GUM|YAP|
YAP|GEG,|GEG|BOI|SFO|HNL|GUM|YAP|
YAP|GJT,|GJT|DEN|HNL|GUM|YAP|
YAP|GTF,|GTF|DEN|HNL|GUM|YAP|
YAP|GUC,|GUC|DEN|HNL|GUM|YAP|
YAP|HDN,|HDN|DEN|HNL|GUM|YAP|
YAP|HLN,|HLN|DEN|HNL|GUM|YAP|
YAP|HSV,|HSV|DEN|HNL|GUM|YAP|
YAP|ICT,|ICT|LAX|HNL|GUM|YAP|
YAP|IDA,|IDA|DEN|HNL|GUM|YAP|
YAP|ISN,|ISN|DEN|HNL|GUM|YAP|
YAP|JAC,|JAC|DEN|HNL|GUM|YAP|
YAP|KOA,|KOA|SFO|HNL|GUM|YAP|
YAP|LAR,|LAR|DEN|HNL|GUM|YAP|
YAP|LBB,|LBB|LAS|LAX|HNL|GUM|YAP|
YAP|LIH,|LIH|HNL|GUM|YAP|
YAP|LIT,|LIT|PHX|LAX|HNL|GUM|YAP|
YAP|LNK,|LNK|DEN|HNL|GUM|YAP|
YAP|MAF,|MAF|LAS|LAX|HNL|GUM|YAP|
YAP|MEM,|MEM|DEN|HNL|GUM|YAP|
YAP|MFR,|MFR|SFO|HNL|GUM|YAP|
YAP|MLI,|MLI|DEN|HNL|GUM|YAP|
YAP|MOT,|MOT|DEN|HNL|GUM|YAP|
YAP|MRY,|MRY|SFO|HNL|GUM|YAP|
YAP|MSN,|MSN|ORD|NRT|GUM|YAP|
YAP|MSO,|MSO|DEN|HNL|GUM|YAP|
YAP|MTJ,|MTJ|DEN|HNL|GUM|YAP|
YAP|OKC,|OKC|LAX|HNL|GUM|YAP|
YAP|OMA,|OMA|DEN|HNL|GUM|YAP|
YAP|ONT,|ONT|SFO|HNL|GUM|YAP|
YAP|PIA,|PIA|DEN|HNL|GUM|YAP|
YAP|PIR,|PIR|DEN|HNL|GUM|YAP|
YAP|PSC,|PSC|SFO|HNL|GUM|YAP|
YAP|PSP,|PSP|LAX|HNL|GUM|YAP|
YAP|PUB,|PUB|DEN|HNL|GUM|YAP|
YAP|RAP,|RAP|DEN|HNL|GUM|YAP|
YAP|RDM,|RDM|PDX|SEA|NRT|GUM|YAP|
YAP|RKS,|RKS|DEN|HNL|GUM|YAP|
YAP|RNO,|RNO|SFO|HNL|GUM|YAP|
YAP|SAF,|SAF|DEN|HNL|GUM|YAP|
YAP|SAT,|SAT|LAX|HNL|GUM|YAP|
YAP|SBA,|SBA|LAX|HNL|GUM|YAP|
YAP|SGF,|SGF|DEN|HNL|GUM|YAP|
YAP|SGU,|SGU|DEN|HNL|GUM|YAP|
YAP|SHV,|SHV|IAH|HNL|GUM|YAP|
YAP|SJC,|SJC|LAX|HNL|GUM|YAP|
YAP|SLC,|SLC|SFO|HNL|GUM|YAP|
YAP|SNA,|SNA|SFO|HNL|GUM|YAP|
YAP|TUL,|TUL|PHX|LAX|HNL|GUM|YAP|
YAP|TUS,|TUS|LAX|HNL|GUM|YAP|
YAP|TYS,|TYS|ORD|NRT|GUM|YAP|
YAP|XNA,|XNA|DEN|HNL|GUM|YAP|
YAP|SAL,|SAL|LAX|HNL|GUM|YAP|
YAP|BJL,|BJL|DKR|BRU|DEL|CAN|MNL|ROR|YAP|
YAP|BFS,|BFS|EWR|NRT|GUM|YAP|
YAP|BON,|BON|IAH|HNL|GUM|YAP|
YAP|BQN,|BQN|EWR|NRT|GUM|YAP|
YAP|BTV,|BTV|EWR|NRT|GUM|YAP|
YAP|BZE,|BZE|IAH|HNL|GUM|YAP|
YAP|GLA,|GLA|EWR|NRT|GUM|YAP|
YAP|GSO,|GSO|ORD|NRT|GUM|YAP|
YAP|ITH,|ITH|EWR|NRT|GUM|YAP|
YAP|JAX,|JAX|IAH|HNL|GUM|YAP|
YAP|MHT,|MHT|EWR|NRT|GUM|YAP|
YAP|MYR,|MYR|ORD|NRT|GUM|YAP|
YAP|ORF,|ORF|IAD|NRT|GUM|YAP|
YAP|POS,|POS|IAH|HNL|GUM|YAP|
YAP|PVD,|PVD|EWR|NRT|GUM|YAP|
YAP|PWM,|PWM|EWR|NRT|GUM|YAP|
YAP|SAP,|SAP|IAH|HNL|GUM|YAP|
YAP|SAV,|SAV|IAH|HNL|GUM|YAP|
YAP|SDQ,|SDQ|EWR|NRT|GUM|YAP|
YAP|SJU,|SJU|IAH|HNL|GUM|YAP|
YAP|SNN,|SNN|EWR|NRT|GUM|YAP|
YAP|STT,|STT|IAD|NRT|GUM|YAP|
YAP|SXM,|SXM|EWR|NRT|GUM|YAP|
YAP|BIM,|BIM|FLL|IAH|HNL|GUM|YAP|
YAP|ELH,|ELH|PBI|IAH|HNL|GUM|YAP|
YAP|EYW,|EYW|MSY|IAH|HNL|GUM|YAP|
YAP|FPO,|FPO|FLL|IAH|HNL|GUM|YAP|
YAP|GHB,|GHB|FLL|IAH|HNL|GUM|YAP|
YAP|MHH,|MHH|PBI|IAH|HNL|GUM|YAP|
YAP|TCB,|TCB|FLL|IAH|HNL|GUM|YAP|
YAP|SOW,|SOW|PHX|LAX|HNL|GUM|YAP|
YAP|ROB,|ROB|FNA|BRU|DEL|CAN|MNL|ROR|YAP|
YAP|GIG,|GIG|IAH|HNL|GUM|YAP|
YAP|CNS,|CNS|GUM|YAP|
YAP|CTS,|CTS|GUM|YAP|
YAP|OKJ,|OKJ|GUM|YAP|
YAP|ROP,|ROP|GUM|YAP|
YAP|ROR,|ROR|YAP|
YAP|SDJ,|SDJ|GUM|YAP|
YAP|SPN,|SPN|GUM|YAP|
YAP|TKK,|TKK|GUM|YAP|
YAP|MAJ,|MAJ|KWA|PNI|TKK|GUM|YAP|
YAP|AOO,|AOO|IAD|NRT|GUM|YAP|
YAP|BGM,|BGM|IAD|NRT|GUM|YAP|
YAP|BKW,|BKW|IAD|NRT|GUM|YAP|
YAP|CAE,|CAE|ORD|NRT|GUM|YAP|
YAP|CHO,|CHO|IAD|NRT|GUM|YAP|
YAP|CRW,|CRW|ORD|NRT|GUM|YAP|
YAP|FAY,|FAY|IAD|NRT|GUM|YAP|
YAP|LWB,|LWB|IAD|NRT|GUM|YAP|
YAP|ROA,|ROA|ORD|NRT|GUM|YAP|
YAP|SCE,|SCE|ORD|NRT|GUM|YAP|
YAP|ACA,|ACA|IAH|HNL|GUM|YAP|
YAP|ACY,|ACY|ORD|NRT|GUM|YAP|
YAP|AEX,|AEX|IAH|HNL|GUM|YAP|
YAP|AGU,|AGU|IAH|HNL|GUM|YAP|
YAP|BJX,|BJX|LAX|HNL|GUM|YAP|
YAP|BRO,|BRO|IAH|HNL|GUM|YAP|
YAP|BTR,|BTR|IAH|HNL|GUM|YAP|
YAP|CCS,|CCS|IAH|HNL|GUM|YAP|
YAP|CLL,|CLL|IAH|HNL|GUM|YAP|
YAP|CME,|CME|IAH|HNL|GUM|YAP|
YAP|CRP,|CRP|IAH|HNL|GUM|YAP|
YAP|CUU,|CUU|IAH|HNL|GUM|YAP|
YAP|DAL,|DAL|ABQ|LAX|HNL|GUM|YAP|
YAP|DGO,|DGO|LAX|HNL|GUM|YAP|
YAP|GDL,|GDL|LAX|HNL|GUM|YAP|
YAP|GPT,|GPT|IAH|HNL|GUM|YAP|
YAP|GRK,|GRK|IAH|HNL|GUM|YAP|
YAP|HOB,|HOB|IAH|HNL|GUM|YAP|
YAP|HRL,|HRL|SAT|LAX|HNL|GUM|YAP|
YAP|HUX,|HUX|IAH|HNL|GUM|YAP|
YAP|JAN,|JAN|IAH|HNL|GUM|YAP|
YAP|LCH,|LCH|IAH|HNL|GUM|YAP|
YAP|LEX,|LEX|ORD|NRT|GUM|YAP|
YAP|LFT,|LFT|IAH|HNL|GUM|YAP|
YAP|LRD,|LRD|IAH|HNL|GUM|YAP|
YAP|MFE,|MFE|IAH|HNL|GUM|YAP|
YAP|MGA,|MGA|IAH|HNL|GUM|YAP|
YAP|MID,|MID|IAH|HNL|GUM|YAP|
YAP|MLM,|MLM|IAH|HNL|GUM|YAP|
YAP|MLU,|MLU|IAH|HNL|GUM|YAP|
YAP|MOB,|MOB|IAH|HNL|GUM|YAP|
YAP|MTY,|MTY|IAH|HNL|GUM|YAP|
YAP|OAX,|OAX|IAH|HNL|GUM|YAP|
YAP|PBC,|PBC|IAH|HNL|GUM|YAP|
YAP|PNS,|PNS|IAH|HNL|GUM|YAP|
YAP|QRO,|QRO|IAH|HNL|GUM|YAP|
YAP|RTB,|RTB|IAH|HNL|GUM|YAP|
YAP|SLP,|SLP|IAH|HNL|GUM|YAP|
YAP|SLW,|SLW|IAH|HNL|GUM|YAP|
YAP|TAM,|TAM|IAH|HNL|GUM|YAP|
YAP|TGU,|TGU|IAH|HNL|GUM|YAP|
YAP|TRC,|TRC|IAH|HNL|GUM|YAP|
YAP|TYR,|TYR|IAH|HNL|GUM|YAP|
YAP|UIO,|UIO|IAH|HNL|GUM|YAP|
YAP|VER,|VER|IAH|HNL|GUM|YAP|
YAP|VPS,|VPS|IAH|HNL|GUM|YAP|
YAP|VSA,|VSA|IAH|HNL|GUM|YAP|
YAP|ZIH,|ZIH|IAH|HNL|GUM|YAP|
YAP|ZLO,|ZLO|IAH|HNL|GUM|YAP|
YAP|KWA,|KWA|PNI|TKK|GUM|YAP|
YAP|PNI,|PNI|TKK|GUM|YAP|
YAP|KSA,|KSA|PNI|TKK|GUM|YAP|
YAP|CLD,|CLD|LAX|HNL|GUM|YAP|
YAP|ITO,|ITO|LAX|HNL|GUM|YAP|
YAP|SBP,|SBP|SFO|HNL|GUM|YAP|
YAP|SMX,|SMX|LAX|HNL|GUM|YAP|
YAP|YUM,|YUM|LAX|HNL|GUM|YAP|
YAP|DDC,|YAP|
YAP|TMS,|TMS|LIS|IST|CAN|MNL|ROR|YAP|
YAP|PHC,|PHC|LOS|IST|CAN|MNL|ROR|YAP|
YAP|GNV,|GNV|TPA|IAH|HNL|GUM|YAP|
YAP|TLH,|TLH|TPA|IAH|HNL|GUM|YAP|
YAP|CKB,|CKB|MGW|IAD|NRT|GUM|YAP|
YAP|BAQ,|BAQ|MIA|IAH|HNL|GUM|YAP|
YAP|CLO,|CLO|MIA|IAH|HNL|GUM|YAP|
YAP|CTG,|CTG|MIA|IAH|HNL|GUM|YAP|
YAP|MDE,|MDE|MIA|IAH|HNL|GUM|YAP|
YAP|ABE,|ABE|ORD|NRT|GUM|YAP|
YAP|ATW,|ATW|ORD|NRT|GUM|YAP|
YAP|AVL,|AVL|ORD|NRT|GUM|YAP|
YAP|AVP,|AVP|ORD|NRT|GUM|YAP|
YAP|CAK,|CAK|ORD|NRT|GUM|YAP|
YAP|CMX,|CMX|ORD|NRT|GUM|YAP|
YAP|CWA,|CWA|ORD|NRT|GUM|YAP|
YAP|DLH,|DLH|ORD|NRT|GUM|YAP|
YAP|EAU,|EAU|ORD|NRT|GUM|YAP|
YAP|ELM,|ELM|ORD|NRT|GUM|YAP|
YAP|FOE,|FOE|ORD|NRT|GUM|YAP|
YAP|FWA,|FWA|ORD|NRT|GUM|YAP|
YAP|GRB,|GRB|ORD|NRT|GUM|YAP|
YAP|HPN,|HPN|ORD|NRT|GUM|YAP|
YAP|LAN,|LAN|ORD|NRT|GUM|YAP|
YAP|MBS,|MBS|ORD|NRT|GUM|YAP|
YAP|MKG,|MKG|ORD|NRT|GUM|YAP|
YAP|PAH,|PAH|ORD|NRT|GUM|YAP|
YAP|SBN,|SBN|ORD|NRT|GUM|YAP|
YAP|SPI,|SPI|ORD|NRT|GUM|YAP|
YAP|SRQ,|SRQ|ORD|NRT|GUM|YAP|
YAP|STC,|STC|ORD|NRT|GUM|YAP|
YAP|TVC,|TVC|ORD|NRT|GUM|YAP|
YAP|LMT,|LMT|SFO|HNL|GUM|YAP|
YAP|HON,|HON|PIR|DEN|HNL|GUM|YAP|
YAP|CIC,|CIC|SFO|HNL|GUM|YAP|
YAP|MOD,|MOD|SFO|HNL|GUM|YAP|
YAP|OTH,|OTH|SFO|HNL|GUM|YAP|
YAP|RDD,|RDD|SFO|HNL|GUM|YAP|
YAP|EIS,|EIS|SJU|IAH|HNL|GUM|YAP|
YAP|DME,|DME|VIE|IST|CAN|MNL|ROR|YAP|
YAP|EVN,|EVN|VIE|IST|CAN|MNL|ROR|YAP|
YAP|HOU,|HOU|LAX|HNL|GUM|YAP|
YAP|MDW,|MDW|SFO|HNL|GUM|YAP|
YAP|OAK,|OAK|LAX|HNL|GUM|YAP|
YAP|ECP,|ECP|HOU|LAX|HNL|GUM|YAP|
YAP|ISP,|ISP|BWI|YYZ|NRT|GUM|YAP|
YAP|YHM,|YHM|YYC|NRT|GUM|YAP|
YAP|YXX,|YXX|YYC|NRT|GUM|YAP|
YAP|YBR,|YBR|YYC|NRT|GUM|YAP|
YAP|YKF,|YKF|YYC|NRT|GUM|YAP|
YAP|GDN,|YAP|
YAP|TRD,|YAP|
YAP|NKC,|YAP|
YAP|PGA,|YAP|
