YYR|BRU,|BRU|YUL|YZV|YWK|YYR|
YYR|OUA,|OUA|BRU|YUL|YZV|YWK|YYR|
YYR|JED,|JED|IST|LHR|YYT|YYR|
YYR|CPH,|CPH|YYZ|YQB|YZV|YWK|YYR|
YYR|YYZ,|YYZ|YQB|YZV|YWK|YYR|
YYR|DEN,|DEN|YUL|YZV|YWK|YYR|
YYR|YUL,|YUL|YZV|YWK|YYR|
YYR|NBO,|NBO|IST|LHR|YYT|YYR|
YYR|ICN,|ICN|JFK|YUL|YZV|YWK|YYR|
YYR|NRT,|NRT|YYZ|YQB|YZV|YWK|YYR|
YYR|YHZ,|YHZ|YYR|
YYR|YOW,|YOW|YQB|YZV|YWK|YYR|
YYR|BJM,|BJM|BRU|YUL|YZV|YWK|YYR|
YYR|COO,|COO|BRU|YUL|YZV|YWK|YYR|
YYR|DKR,|DKR|IAD|YUL|YZV|YWK|YYR|
YYR|DLA,|DLA|IST|LHR|YYT|YYR|
YYR|KGL,|KGL|IST|LHR|YYT|YYR|
YYR|LAD,|LAD|BRU|YUL|YZV|YWK|YYR|
YYR|ABJ,|ABJ|BRU|YUL|YZV|YWK|YYR|
YYR|AMS,|AMS|EWR|YHZ|YYR|
YYR|OSL,|OSL|EWR|YHZ|YYR|
YYR|VNO,|VNO|FRA|YUL|YZV|YWK|YYR|
YYR|WAW,|WAW|IST|LHR|YYT|YYR|
YYR|YYC,|YYC|YUL|YZV|YWK|YYR|
YYR|ATL,|ATL|IAD|YUL|YZV|YWK|YYR|
YYR|MSY,|MSY|YYZ|YQB|YZV|YWK|YYR|
YYR|YEG,|YEG|YUL|YZV|YWK|YYR|
YYR|YMM,|YMM|YYZ|YQB|YZV|YWK|YYR|
YYR|YQR,|YQR|YWG|YUL|YZV|YWK|YYR|
YYR|YVR,|YVR|YUL|YZV|YWK|YYR|
YYR|YWG,|YWG|YUL|YZV|YWK|YYR|
YYR|YXE,|YXE|YWG|YUL|YZV|YWK|YYR|
YYR|CKY,|CKY|DKR|IAD|YUL|YZV|YWK|YYR|
YYR|FIH,|FIH|IST|LHR|YYT|YYR|
YYR|SCL,|SCL|YYZ|YQB|YZV|YWK|YYR|
YYR|LCA,|LCA|FRA|YUL|YZV|YWK|YYR|
YYR|NAP,|NAP|IST|LHR|YYT|YYR|
YYR|VLC,|VLC|FRA|YUL|YZV|YWK|YYR|
YYR|BKK,|BKK|IST|LHR|YYT|YYR|
YYR|ADD,|ADD|IST|LHR|YYT|YYR|
YYR|FRA,|FRA|YUL|YZV|YWK|YYR|
YYR|IST,|IST|LHR|YYT|YYR|
YYR|EBB,|EBB|KGL|IST|LHR|YYT|YYR|
YYR|YLW,|YLW|YYC|YUL|YZV|YWK|YYR|
YYR|YYT,|YYT|YYR|
YYR|GUA,|GUA|EWR|YHZ|YYR|
YYR|EWR,|EWR|YHZ|YYR|
YYR|IAD,|IAD|YUL|YZV|YWK|YYR|
YYR|IAH,|IAH|YUL|YZV|YWK|YYR|
YYR|ORD,|ORD|YQB|YZV|YWK|YYR|
YYR|SOF,|SOF|IST|LHR|YYT|YYR|
YYR|YQB,|YQB|YZV|YWK|YYR|
YYR|YXU,|YXU|YOW|YQB|YZV|YWK|YYR|
YYR|EZE,|EZE|GRU|EWR|YHZ|YYR|
YYR|YYJ,|YYJ|YYC|YUL|YZV|YWK|YYR|
YYR|YYY,|YYY|YUL|YZV|YWK|YYR|
YYR|YQQ,|YQQ|YYC|YUL|YZV|YWK|YYR|
YYR|LHR,|LHR|YYT|YYR|
YYR|SFO,|SFO|YUL|YZV|YWK|YYR|
YYR|YQU,|YQU|YEG|YUL|YZV|YWK|YYR|
YYR|YZF,|YZF|YEG|YUL|YZV|YWK|YYR|
YYR|YGR,|YGR|YGP|YQB|YZV|YWK|YYR|
YYR|YGP,|YGP|YQB|YZV|YWK|YYR|
YYR|BOS,|BOS|YHZ|YYR|
YYR|YDF,|YDF|YYR|
YYR|YFC,|YFC|YHZ|YYR|
YYR|YQM,|YQM|YHZ|YYR|
YYR|YQX,|YQX|YYR|
YYR|YQY,|YQY|YHZ|YYR|
YYR|YSJ,|YSJ|YHZ|YYR|
YYR|YYG,|YYG|YHZ|YYR|
YYR|LAX,|LAX|YUL|YZV|YWK|YYR|
YYR|DCA,|DCA|EWR|YHZ|YYR|
YYR|LGA,|LGA|YHZ|YYR|
YYR|YZV,|YZV|YWK|YYR|
YYR|YWL,|YWL|YVR|YUL|YZV|YWK|YYR|
YYR|AZS,|AZS|YUL|YZV|YWK|YYR|
YYR|BDL,|BDL|YUL|YZV|YWK|YYR|
YYR|CCC,|CCC|YUL|YZV|YWK|YYR|
YYR|CDG,|CDG|YUL|YZV|YWK|YYR|
YYR|CUN,|CUN|YHZ|YYR|
YYR|CZM,|CZM|YUL|YZV|YWK|YYR|
YYR|FDF,|FDF|YUL|YZV|YWK|YYR|
YYR|FLL,|FLL|MCO|YHZ|YYR|
YYR|GVA,|GVA|YUL|YZV|YWK|YYR|
YYR|HOG,|HOG|YUL|YZV|YWK|YYR|
YYR|LAS,|LAS|YUL|YZV|YWK|YYR|
YYR|MBJ,|MBJ|YHZ|YYR|
YYR|MCO,|MCO|YHZ|YYR|
YYR|MUC,|MUC|YUL|YZV|YWK|YYR|
YYR|PAP,|PAP|YUL|YZV|YWK|YYR|
YYR|PTP,|PTP|YUL|YZV|YWK|YYR|
YYR|PUJ,|PUJ|YHZ|YYR|
YYR|SNU,|SNU|YUL|YZV|YWK|YYR|
YYR|VRA,|VRA|YUL|YZV|YWK|YYR|
YYR|YBC,|YBC|YUL|YZV|YWK|YYR|
YYR|YBG,|YBG|YUL|YZV|YWK|YYR|
YYR|YTZ,|YTZ|YUL|YZV|YWK|YYR|
YYR|YUY,|YUY|YUL|YZV|YWK|YYR|
YYR|YVO,|YVO|YUL|YZV|YWK|YYR|
YYR|ZBF,|ZBF|YUL|YZV|YWK|YYR|
YYR|ZRH,|ZRH|YUL|YZV|YWK|YYR|
YYR|ZSA,|ZSA|YUL|YZV|YWK|YYR|
YYR|AKL,|AKL|LAX|YUL|YZV|YWK|YYR|
YYR|HKG,|HKG|CAN|LHR|YYT|YYR|
YYR|HND,|HND|YVR|YUL|YZV|YWK|YYR|
YYR|HNL,|HNL|SFO|YUL|YZV|YWK|YYR|
YYR|MEX,|MEX|YYZ|YQB|YZV|YWK|YYR|
YYR|OGG,|OGG|SFO|YUL|YZV|YWK|YYR|
YYR|PDX,|PDX|YYC|YUL|YZV|YWK|YYR|
YYR|PEK,|PEK|YYZ|YQB|YZV|YWK|YYR|
YYR|PVG,|PVG|YYZ|YQB|YZV|YWK|YYR|
YYR|PVR,|PVR|IAH|YUL|YZV|YWK|YYR|
YYR|SEA,|SEA|YYZ|YQB|YZV|YWK|YYR|
YYR|SYD,|SYD|SFO|YUL|YZV|YWK|YYR|
YYR|YBL,|YBL|YVR|YUL|YZV|YWK|YYR|
YYR|YCD,|YCD|YVR|YUL|YZV|YWK|YYR|
YYR|YCG,|YCG|YYC|YUL|YZV|YWK|YYR|
YYR|YKA,|YKA|YYC|YUL|YZV|YWK|YYR|
YYR|YPR,|YPR|YVR|YUL|YZV|YWK|YYR|
YYR|YQZ,|YQZ|YVR|YUL|YZV|YWK|YYR|
YYR|YXC,|YXC|YYC|YUL|YZV|YWK|YYR|
YYR|YXJ,|YXJ|YYC|YUL|YZV|YWK|YYR|
YYR|YXS,|YXS|YYC|YUL|YZV|YWK|YYR|
YYR|YXT,|YXT|YVR|YUL|YZV|YWK|YYR|
YYR|YXY,|YXY|YVR|YUL|YZV|YWK|YYR|
YYR|YYD,|YYD|YVR|YUL|YZV|YWK|YYR|
YYR|YYF,|YYF|YVR|YUL|YZV|YWK|YYR|
YYR|YZP,|YZP|YVR|YUL|YZV|YWK|YYR|
YYR|YQT,|YQT|YYZ|YQB|YZV|YWK|YYR|
YYR|SJD,|SJD|ORD|YQB|YZV|YWK|YYR|
YYR|YQF,|YQF|YYC|YUL|YZV|YWK|YYR|
YYR|YQL,|YQL|YYC|YUL|YZV|YWK|YYR|
YYR|YXH,|YXH|YYC|YUL|YZV|YWK|YYR|
YYR|YWK,|YWK|YYR|
YYR|ANU,|ANU|EWR|YHZ|YYR|
YYR|AUA,|AUA|EWR|YHZ|YYR|
YYR|AUH,|AUH|IST|LHR|YYT|YYR|
YYR|BCN,|BCN|EWR|YHZ|YYR|
YYR|BDA,|BDA|EWR|YHZ|YYR|
YYR|BGI,|BGI|YYZ|YQB|YZV|YWK|YYR|
YYR|BNA,|BNA|YYZ|YQB|YZV|YWK|YYR|
YYR|BOG,|BOG|EWR|YHZ|YYR|
YYR|BWI,|BWI|EWR|YHZ|YYR|
YYR|CLE,|CLE|YYZ|YQB|YZV|YWK|YYR|
YYR|CLT,|CLT|EWR|YHZ|YYR|
YYR|CMH,|CMH|YYZ|YQB|YZV|YWK|YYR|
YYR|CVG,|CVG|YYZ|YQB|YZV|YWK|YYR|
YYR|DFW,|DFW|YYZ|YQB|YZV|YWK|YYR|
YYR|DTW,|DTW|YYZ|YQB|YZV|YWK|YYR|
YYR|DUB,|DUB|BOS|YHZ|YYR|
YYR|FCO,|FCO|IST|LHR|YYT|YYR|
YYR|GCM,|GCM|EWR|YHZ|YYR|
YYR|GGT,|GGT|FLL|MCO|YHZ|YYR|
YYR|GND,|GND|YYZ|YQB|YZV|YWK|YYR|
YYR|GRU,|GRU|EWR|YHZ|YYR|
YYR|HAV,|HAV|YYZ|YQB|YZV|YWK|YYR|
YYR|IND,|IND|YYZ|YQB|YZV|YWK|YYR|
YYR|JFK,|JFK|YUL|YZV|YWK|YYR|
YYR|KIN,|KIN|YYZ|YQB|YZV|YWK|YYR|
YYR|LIM,|LIM|EWR|YHZ|YYR|
YYR|LIR,|LIR|EWR|YHZ|YYR|
YYR|MCI,|MCI|ORD|YQB|YZV|YWK|YYR|
YYR|MDT,|MDT|IAD|YUL|YZV|YWK|YYR|
YYR|MIA,|MIA|EWR|YHZ|YYR|
YYR|MKE,|MKE|YYZ|YQB|YZV|YWK|YYR|
YYR|MSP,|MSP|YUL|YZV|YWK|YYR|
YYR|NAS,|NAS|EWR|YHZ|YYR|
YYR|PHL,|PHL|IAD|YUL|YZV|YWK|YYR|
YYR|PHX,|PHX|ORD|YQB|YZV|YWK|YYR|
YYR|PIT,|PIT|YYZ|YQB|YZV|YWK|YYR|
YYR|PLS,|PLS|EWR|YHZ|YYR|
YYR|POP,|POP|EWR|YHZ|YYR|
YYR|RDU,|RDU|EWR|YHZ|YYR|
YYR|ROC,|ROC|YYZ|YQB|YZV|YWK|YYR|
YYR|RSW,|RSW|MCO|YHZ|YYR|
YYR|SAN,|SAN|ORD|YQB|YZV|YWK|YYR|
YYR|SJO,|SJO|EWR|YHZ|YYR|
YYR|STL,|STL|YYZ|YQB|YZV|YWK|YYR|
YYR|SYR,|SYR|EWR|YHZ|YYR|
YYR|TLV,|TLV|IST|LHR|YYT|YYR|
YYR|TPA,|TPA|EWR|YHZ|YYR|
YYR|UVF,|UVF|EWR|YHZ|YYR|
YYR|VIE,|VIE|IST|LHR|YYT|YYR|
YYR|YAM,|YAM|YYZ|YQB|YZV|YWK|YYR|
YYR|YGK,|YGK|YYZ|YQB|YZV|YWK|YYR|
YYR|YQG,|YQG|YYZ|YQB|YZV|YWK|YYR|
YYR|YSB,|YSB|YYZ|YQB|YZV|YWK|YYR|
YYR|YTS,|YTS|YYZ|YQB|YZV|YWK|YYR|
YYR|YYB,|YYB|YYZ|YQB|YZV|YWK|YYR|
YYR|YZR,|YZR|YYZ|YQB|YZV|YWK|YYR|
YYR|CAN,|CAN|LHR|YYT|YYR|
YYR|URC,|URC|IST|LHR|YYT|YYR|
YYR|CTU,|CTU|URC|IST|LHR|YYT|YYR|
YYR|HGH,|HGH|PEK|YYZ|YQB|YZV|YWK|YYR|
YYR|XMN,|XMN|PEK|YYZ|YQB|YZV|YWK|YYR|
YYR|CGO,|CGO|PEK|YYZ|YQB|YZV|YWK|YYR|
YYR|CSX,|CSX|PEK|YYZ|YQB|YZV|YWK|YYR|
YYR|SHE,|SHE|PEK|YYZ|YQB|YZV|YWK|YYR|
YYR|SJW,|SJW|DLC|PEK|YYZ|YQB|YZV|YWK|YYR|
YYR|WUH,|WUH|PEK|YYZ|YQB|YZV|YWK|YYR|
YYR|SZX,|SZX|PEK|YYZ|YQB|YZV|YWK|YYR|
YYR|CKG,|CKG|PEK|YYZ|YQB|YZV|YWK|YYR|
YYR|KMG,|KMG|CTU|URC|IST|LHR|YYT|YYR|
YYR|FOC,|FOC|PEK|YYZ|YQB|YZV|YWK|YYR|
YYR|NNG,|NNG|CAN|LHR|YYT|YYR|
YYR|SWA,|SWA|CAN|LHR|YYT|YYR|
YYR|ACX,|ACX|CAN|LHR|YYT|YYR|
YYR|AQG,|AQG|CAN|LHR|YYT|YYR|
YYR|AVA,|AVA|CAN|LHR|YYT|YYR|
YYR|BFJ,|BFJ|CAN|LHR|YYT|YYR|
YYR|BHY,|BHY|CAN|LHR|YYT|YYR|
YYR|BNE,|BNE|CAN|LHR|YYT|YYR|
YYR|CGD,|CGD|PEK|YYZ|YQB|YZV|YWK|YYR|
YYR|CGK,|CGK|SIN|IST|LHR|YYT|YYR|
YYR|CGQ,|CGQ|PEK|YYZ|YQB|YZV|YWK|YYR|
YYR|CIH,|CIH|PEK|YYZ|YQB|YZV|YWK|YYR|
YYR|CNX,|CNX|CAN|LHR|YYT|YYR|
YYR|CZX,|CZX|SHE|PEK|YYZ|YQB|YZV|YWK|YYR|
YYR|DAC,|DAC|IST|LHR|YYT|YYR|
YYR|DAD,|DAD|CAN|LHR|YYT|YYR|
YYR|DEL,|DEL|IST|LHR|YYT|YYR|
YYR|DIG,|DIG|KMG|CTU|URC|IST|LHR|YYT|YYR|
YYR|DLC,|DLC|PEK|YYZ|YQB|YZV|YWK|YYR|
YYR|DPS,|DPS|CAN|LHR|YYT|YYR|
YYR|DXB,|DXB|IST|LHR|YYT|YYR|
YYR|DYG,|DYG|PEK|YYZ|YQB|YZV|YWK|YYR|
YYR|FUG,|FUG|CAN|LHR|YYT|YYR|
YYR|FUK,|FUK|ICN|JFK|YUL|YZV|YWK|YYR|
YYR|HAK,|HAK|CAN|LHR|YYT|YYR|
YYR|HAN,|HAN|CAN|LHR|YYT|YYR|
YYR|HDG,|HDG|CAN|LHR|YYT|YYR|
YYR|HET,|HET|URC|IST|LHR|YYT|YYR|
YYR|HFE,|HFE|XIY|PEK|YYZ|YQB|YZV|YWK|YYR|
YYR|HJJ,|HJJ|CSX|PEK|YYZ|YQB|YZV|YWK|YYR|
YYR|HKT,|HKT|CAN|LHR|YYT|YYR|
YYR|HRB,|HRB|PEK|YYZ|YQB|YZV|YWK|YYR|
YYR|HZH,|HZH|CAN|LHR|YYT|YYR|
YYR|JIU,|JIU|CAN|LHR|YYT|YYR|
YYR|JJN,|JJN|PEK|YYZ|YQB|YZV|YWK|YYR|
YYR|JNG,|JNG|CAN|LHR|YYT|YYR|
YYR|KHN,|KHN|DLC|PEK|YYZ|YQB|YZV|YWK|YYR|
YYR|KIX,|KIX|SFO|YUL|YZV|YWK|YYR|
YYR|KOW,|KOW|PEK|YYZ|YQB|YZV|YWK|YYR|
YYR|KTM,|KTM|IST|LHR|YYT|YYR|
YYR|KUL,|KUL|IST|LHR|YYT|YYR|
YYR|KWE,|KWE|PEK|YYZ|YQB|YZV|YWK|YYR|
YYR|KWL,|KWL|PEK|YYZ|YQB|YZV|YWK|YYR|
YYR|LHW,|LHW|URC|IST|LHR|YYT|YYR|
YYR|LYA,|LYA|KHN|DLC|PEK|YYZ|YQB|YZV|YWK|YYR|
YYR|LYG,|LYG|HSN|PEK|YYZ|YQB|YZV|YWK|YYR|
YYR|LZH,|LZH|CAN|LHR|YYT|YYR|
YYR|MEL,|MEL|SYD|SFO|YUL|YZV|YWK|YYR|
YYR|MIG,|MIG|CSX|PEK|YYZ|YQB|YZV|YWK|YYR|
YYR|MLE,|MLE|IST|LHR|YYT|YYR|
YYR|MNL,|MNL|CAN|LHR|YYT|YYR|
YYR|MXZ,|MXZ|CAN|LHR|YYT|YYR|
YYR|NAO,|NAO|PEK|YYZ|YQB|YZV|YWK|YYR|
YYR|NGB,|NGB|PEK|YYZ|YQB|YZV|YWK|YYR|
YYR|NKG,|NKG|DLC|PEK|YYZ|YQB|YZV|YWK|YYR|
YYR|NNY,|NNY|CGO|PEK|YYZ|YQB|YZV|YWK|YYR|
YYR|PEN,|PEN|CAN|LHR|YYT|YYR|
YYR|PER,|PER|BKK|IST|LHR|YYT|YYR|
YYR|PNH,|PNH|CAN|LHR|YYT|YYR|
YYR|REP,|REP|CAN|LHR|YYT|YYR|
YYR|RGN,|RGN|CAN|LHR|YYT|YYR|
YYR|SGN,|SGN|BKK|IST|LHR|YYT|YYR|
YYR|SHA,|SHA|PEK|YYZ|YQB|YZV|YWK|YYR|
YYR|SIN,|SIN|IST|LHR|YYT|YYR|
YYR|SVO,|SVO|URC|IST|LHR|YYT|YYR|
YYR|SYX,|SYX|CAN|LHR|YYT|YYR|
YYR|TAO,|TAO|DLC|PEK|YYZ|YQB|YZV|YWK|YYR|
YYR|TEN,|TEN|PEK|YYZ|YQB|YZV|YWK|YYR|
YYR|TNA,|TNA|DLC|PEK|YYZ|YQB|YZV|YWK|YYR|
YYR|TPE,|TPE|PVG|YYZ|YQB|YZV|YWK|YYR|
YYR|TSN,|TSN|DLC|PEK|YYZ|YQB|YZV|YWK|YYR|
YYR|TXN,|TXN|DLC|PEK|YYZ|YQB|YZV|YWK|YYR|
YYR|TYN,|TYN|DAT|CIH|PEK|YYZ|YQB|YZV|YWK|YYR|
YYR|WNZ,|WNZ|CGO|PEK|YYZ|YQB|YZV|YWK|YYR|
YYR|WUX,|WUX|CAN|LHR|YYT|YYR|
YYR|XFN,|XFN|CAN|LHR|YYT|YYR|
YYR|XIY,|XIY|PEK|YYZ|YQB|YZV|YWK|YYR|
YYR|XUZ,|XUZ|LYG|HSN|PEK|YYZ|YQB|YZV|YWK|YYR|
YYR|YIH,|YIH|CKG|PEK|YYZ|YQB|YZV|YWK|YYR|
YYR|YIW,|YIW|PEK|YYZ|YQB|YZV|YWK|YYR|
YYR|YNT,|YNT|SHE|PEK|YYZ|YQB|YZV|YWK|YYR|
YYR|YNZ,|YNZ|DLC|PEK|YYZ|YQB|YZV|YWK|YYR|
YYR|YTY,|YTY|DLC|PEK|YYZ|YQB|YZV|YWK|YYR|
YYR|ZHA,|ZHA|CAN|LHR|YYT|YYR|
YYR|ZYI,|ZYI|PEK|YYZ|YQB|YZV|YWK|YYR|
YYR|BAV,|BAV|URC|IST|LHR|YYT|YYR|
YYR|CJU,|CJU|DLC|PEK|YYZ|YQB|YZV|YWK|YYR|
YYR|DSN,|DSN|CGO|PEK|YYZ|YQB|YZV|YWK|YYR|
YYR|HMI,|HMI|URC|IST|LHR|YYT|YYR|
YYR|INC,|INC|URC|IST|LHR|YYT|YYR|
YYR|KHH,|KHH|CGO|PEK|YYZ|YQB|YZV|YWK|YYR|
YYR|UYN,|UYN|CGO|PEK|YYZ|YQB|YZV|YWK|YYR|
YYR|XNN,|XNN|URC|IST|LHR|YYT|YYR|
YYR|ZUH,|ZUH|PEK|YYZ|YQB|YZV|YWK|YYR|
YYR|YNJ,|YNJ|PEK|YYZ|YQB|YZV|YWK|YYR|
YYR|DAT,|DAT|CIH|PEK|YYZ|YQB|YZV|YWK|YYR|
YYR|JHG,|JHG|KMG|CTU|URC|IST|LHR|YYT|YYR|
YYR|LJG,|LJG|CKG|PEK|YYZ|YQB|YZV|YWK|YYR|
YYR|LXA,|LXA|XIY|PEK|YYZ|YQB|YZV|YWK|YYR|
YYR|YCU,|YCU|CSX|PEK|YYZ|YQB|YZV|YWK|YYR|
YYR|LZO,|LZO|CSX|PEK|YYZ|YQB|YZV|YWK|YYR|
YYR|MDG,|MDG|DLC|PEK|YYZ|YQB|YZV|YWK|YYR|
YYR|NGO,|NGO|ICN|JFK|YUL|YZV|YWK|YYR|
YYR|TOY,|TOY|DLC|PEK|YYZ|YQB|YZV|YWK|YYR|
YYR|MFM,|MFM|XMN|PEK|YYZ|YQB|YZV|YWK|YYR|
YYR|TGO,|TGO|HET|URC|IST|LHR|YYT|YYR|
YYR|XIL,|XIL|HET|URC|IST|LHR|YYT|YYR|
YYR|HEK,|HEK|HRB|PEK|YYZ|YQB|YZV|YWK|YYR|
YYR|KIJ,|KIJ|HRB|PEK|YYZ|YQB|YZV|YWK|YYR|
YYR|LDS,|LDS|HRB|PEK|YYZ|YQB|YZV|YWK|YYR|
YYR|OHE,|OHE|HRB|PEK|YYZ|YQB|YZV|YWK|YYR|
YYR|HSN,|HSN|PEK|YYZ|YQB|YZV|YWK|YYR|
YYR|DLU,|DLU|KMG|CTU|URC|IST|LHR|YYT|YYR|
YYR|SYM,|SYM|KMG|CTU|URC|IST|LHR|YYT|YYR|
YYR|ZAT,|ZAT|KMG|CTU|URC|IST|LHR|YYT|YYR|
YYR|LUN,|LUN|NBO|IST|LHR|YYT|YYR|
YYR|AOG,|AOG|PEK|YYZ|YQB|YZV|YWK|YYR|
YYR|GMP,|GMP|PEK|YYZ|YQB|YZV|YWK|YYR|
YYR|ISB,|ISB|IST|LHR|YYT|YYR|
YYR|TAS,|TAS|IST|LHR|YYT|YYR|
YYR|WUS,|WUS|PEK|YYZ|YQB|YZV|YWK|YYR|
YYR|JMU,|JMU|PVG|YYZ|YQB|YZV|YWK|YYR|
YYR|NDG,|NDG|PVG|YYZ|YQB|YZV|YWK|YYR|
YYR|JXA,|JXA|SHE|PEK|YYZ|YQB|YZV|YWK|YYR|
YYR|PUS,|PUS|SHE|PEK|YYZ|YQB|YZV|YWK|YYR|
YYR|BKI,|BKI|SZX|PEK|YYZ|YQB|YZV|YWK|YYR|
YYR|AKU,|AKU|URC|IST|LHR|YYT|YYR|
YYR|ALA,|ALA|IST|LHR|YYT|YYR|
YYR|ASB,|ASB|IST|LHR|YYT|YYR|
YYR|DNH,|DNH|URC|IST|LHR|YYT|YYR|
YYR|DYU,|DYU|IST|LHR|YYT|YYR|
YYR|FRU,|FRU|IST|LHR|YYT|YYR|
YYR|GYD,|GYD|IST|LHR|YYT|YYR|
YYR|HTN,|HTN|URC|IST|LHR|YYT|YYR|
YYR|IKA,|IKA|IST|LHR|YYT|YYR|
YYR|KCA,|KCA|URC|IST|LHR|YYT|YYR|
YYR|KHG,|KHG|URC|IST|LHR|YYT|YYR|
YYR|KRL,|KRL|URC|IST|LHR|YYT|YYR|
YYR|KRY,|KRY|URC|IST|LHR|YYT|YYR|
YYR|LBD,|LBD|URC|IST|LHR|YYT|YYR|
YYR|NLT,|NLT|URC|IST|LHR|YYT|YYR|
YYR|OSS,|OSS|IST|LHR|YYT|YYR|
YYR|OVB,|OVB|IST|LHR|YYT|YYR|
YYR|TBS,|TBS|IST|LHR|YYT|YYR|
YYR|TCG,|TCG|URC|IST|LHR|YYT|YYR|
YYR|TSE,|TSE|IST|LHR|YYT|YYR|
YYR|YIN,|YIN|URC|IST|LHR|YYT|YYR|
YYR|ENH,|ENH|WUH|PEK|YYZ|YQB|YZV|YWK|YYR|
YYR|ENY,|ENY|XIY|PEK|YYZ|YQB|YZV|YWK|YYR|
YYR|WXN,|WXN|XIY|PEK|YYZ|YQB|YZV|YWK|YYR|
YYR|BLL,|BLL|IST|LHR|YYT|YYR|
YYR|ESB,|ESB|IST|LHR|YYT|YYR|
YYR|SAW,|SAW|ADB|IST|LHR|YYT|YYR|
YYR|HAM,|HAM|EWR|YHZ|YYR|
YYR|HRE,|HRE|ADD|IST|LHR|YYT|YYR|
YYR|JUB,|JUB|CAI|IST|LHR|YYT|YYR|
YYR|SSG,|SSG|DLA|IST|LHR|YYT|YYR|
YYR|BGW,|BGW|IST|LHR|YYT|YYR|
YYR|EBL,|EBL|IST|LHR|YYT|YYR|
YYR|VKO,|VKO|IST|LHR|YYT|YYR|
YYR|MCT,|MCT|IST|LHR|YYT|YYR|
YYR|AYT,|AYT|IST|LHR|YYT|YYR|
YYR|SCQ,|SCQ|BIO|IST|LHR|YYT|YYR|
YYR|AAL,|AAL|IST|LHR|YYT|YYR|
YYR|AOE,|AOE|BRU|YUL|YZV|YWK|YYR|
YYR|JNB,|JNB|IST|LHR|YYT|YYR|
YYR|LBV,|LBV|DLA|IST|LHR|YYT|YYR|
YYR|ADA,|ADA|IST|LHR|YYT|YYR|
YYR|ADB,|ADB|IST|LHR|YYT|YYR|
YYR|ADF,|ADF|IST|LHR|YYT|YYR|
YYR|AJI,|AJI|IST|LHR|YYT|YYR|
YYR|BAL,|BAL|IST|LHR|YYT|YYR|
YYR|BJV,|BJV|IST|LHR|YYT|YYR|
YYR|CKZ,|CKZ|ESB|IST|LHR|YYT|YYR|
YYR|DIY,|DIY|IST|LHR|YYT|YYR|
YYR|ECN,|ECN|IST|LHR|YYT|YYR|
YYR|ERC,|ERC|IST|LHR|YYT|YYR|
YYR|ERZ,|ERZ|IST|LHR|YYT|YYR|
YYR|EZS,|EZS|IST|LHR|YYT|YYR|
YYR|GNY,|GNY|IST|LHR|YYT|YYR|
YYR|GZP,|GZP|ESB|IST|LHR|YYT|YYR|
YYR|GZT,|GZT|IST|LHR|YYT|YYR|
YYR|HTY,|HTY|IST|LHR|YYT|YYR|
YYR|KCM,|KCM|IST|LHR|YYT|YYR|
YYR|KSY,|KSY|IST|LHR|YYT|YYR|
YYR|MLX,|MLX|IST|LHR|YYT|YYR|
YYR|MQM,|MQM|IST|LHR|YYT|YYR|
YYR|MSR,|MSR|IST|LHR|YYT|YYR|
YYR|TEQ,|TEQ|ESB|IST|LHR|YYT|YYR|
YYR|TZX,|TZX|IST|LHR|YYT|YYR|
YYR|VAN,|VAN|IST|LHR|YYT|YYR|
YYR|ULN,|ULN|FRU|IST|LHR|YYT|YYR|
YYR|HIJ,|HIJ|ICN|JFK|YUL|YZV|YWK|YYR|
YYR|VVO,|VVO|ICN|JFK|YUL|YZV|YWK|YYR|
YYR|ACC,|ACC|IST|LHR|YYT|YYR|
YYR|AER,|AER|IST|LHR|YYT|YYR|
YYR|AGP,|AGP|IST|LHR|YYT|YYR|
YYR|ALG,|ALG|IST|LHR|YYT|YYR|
YYR|AMM,|AMM|IST|LHR|YYT|YYR|
YYR|AQJ,|AQJ|IST|LHR|YYT|YYR|
YYR|ARN,|ARN|EWR|YHZ|YYR|
YYR|ASR,|ASR|IST|LHR|YYT|YYR|
YYR|ATH,|ATH|IST|LHR|YYT|YYR|
YYR|BAH,|BAH|IST|LHR|YYT|YYR|
YYR|BEG,|BEG|IST|LHR|YYT|YYR|
YYR|BEN,|BEN|IST|LHR|YYT|YYR|
YYR|BEY,|BEY|IST|LHR|YYT|YYR|
YYR|BHX,|BHX|EWR|YHZ|YYR|
YYR|BIO,|BIO|IST|LHR|YYT|YYR|
YYR|BLQ,|BLQ|IST|LHR|YYT|YYR|
YYR|BOM,|BOM|IST|LHR|YYT|YYR|
YYR|BRE,|BRE|IST|LHR|YYT|YYR|
YYR|BSL,|BSL|IST|LHR|YYT|YYR|
YYR|BSR,|BSR|IST|LHR|YYT|YYR|
YYR|BUD,|BUD|IST|LHR|YYT|YYR|
YYR|BUS,|BUS|IST|LHR|YYT|YYR|
YYR|CAI,|CAI|IST|LHR|YYT|YYR|
YYR|CGN,|CGN|IST|LHR|YYT|YYR|
YYR|CMN,|CMN|IST|LHR|YYT|YYR|
YYR|CND,|CND|IST|LHR|YYT|YYR|
YYR|DAR,|DAR|IST|LHR|YYT|YYR|
YYR|DLM,|DLM|IST|LHR|YYT|YYR|
YYR|DMM,|DMM|IST|LHR|YYT|YYR|
YYR|DNK,|DNK|IST|LHR|YYT|YYR|
YYR|DNZ,|DNZ|IST|LHR|YYT|YYR|
YYR|DOK,|DOK|IST|LHR|YYT|YYR|
YYR|DUS,|DUS|EWR|YHZ|YYR|
YYR|EDI,|EDI|EWR|YHZ|YYR|
YYR|ELQ,|ELQ|IST|LHR|YYT|YYR|
YYR|FDH,|FDH|IST|LHR|YYT|YYR|
YYR|GOA,|GOA|IST|LHR|YYT|YYR|
YYR|GOT,|GOT|BRU|YUL|YZV|YWK|YYR|
YYR|HAJ,|HAJ|BRU|YUL|YZV|YWK|YYR|
YYR|HBE,|HBE|IST|LHR|YYT|YYR|
YYR|HEL,|HEL|IST|LHR|YYT|YYR|
YYR|HRG,|HRG|IST|LHR|YYT|YYR|
YYR|IFN,|IFN|IST|LHR|YYT|YYR|
YYR|ISE,|ISE|IST|LHR|YYT|YYR|
YYR|ISU,|ISU|IST|LHR|YYT|YYR|
YYR|JIB,|JIB|IST|LHR|YYT|YYR|
YYR|JRO,|JRO|IST|LHR|YYT|YYR|
YYR|KAN,|KAN|IST|LHR|YYT|YYR|
YYR|KBL,|KBL|IST|LHR|YYT|YYR|
YYR|KBP,|KBP|IST|LHR|YYT|YYR|
YYR|KFS,|KFS|IST|LHR|YYT|YYR|
YYR|KHI,|KHI|IST|LHR|YYT|YYR|
YYR|KIV,|KIV|IST|LHR|YYT|YYR|
YYR|KRT,|KRT|IST|LHR|YYT|YYR|
YYR|KSH,|KSH|IST|LHR|YYT|YYR|
YYR|KVD,|KVD|IST|LHR|YYT|YYR|
YYR|KWI,|KWI|IST|LHR|YYT|YYR|
YYR|KYA,|KYA|IST|LHR|YYT|YYR|
YYR|KZN,|KZN|IST|LHR|YYT|YYR|
YYR|KZR,|KZR|IST|LHR|YYT|YYR|
YYR|LED,|LED|IST|LHR|YYT|YYR|
YYR|LEJ,|LEJ|IST|LHR|YYT|YYR|
YYR|LGW,|LGW|IST|LHR|YYT|YYR|
YYR|LHE,|LHE|IST|LHR|YYT|YYR|
YYR|LIS,|LIS|EWR|YHZ|YYR|
YYR|LJU,|LJU|IST|LHR|YYT|YYR|
YYR|LOS,|LOS|IST|LHR|YYT|YYR|
YYR|LUX,|LUX|IST|LHR|YYT|YYR|
YYR|LWO,|LWO|IST|LHR|YYT|YYR|
YYR|LYS,|LYS|IST|LHR|YYT|YYR|
YYR|MAD,|MAD|EWR|YHZ|YYR|
YYR|MAN,|MAN|EWR|YHZ|YYR|
YYR|MED,|MED|IST|LHR|YYT|YYR|
YYR|MHD,|MHD|IST|LHR|YYT|YYR|
YYR|MLA,|MLA|IST|LHR|YYT|YYR|
YYR|MRS,|MRS|IST|LHR|YYT|YYR|
YYR|MSQ,|MSQ|IST|LHR|YYT|YYR|
YYR|MXP,|MXP|EWR|YHZ|YYR|
YYR|MZH,|MZH|IST|LHR|YYT|YYR|
YYR|MZR,|MZR|IST|LHR|YYT|YYR|
YYR|NAJ,|NAJ|IST|LHR|YYT|YYR|
YYR|NAV,|NAV|IST|LHR|YYT|YYR|
YYR|NCE,|NCE|IST|LHR|YYT|YYR|
YYR|NIM,|NIM|IST|LHR|YYT|YYR|
YYR|NJF,|NJF|IST|LHR|YYT|YYR|
YYR|NSI,|NSI|IST|LHR|YYT|YYR|
YYR|NUE,|NUE|IST|LHR|YYT|YYR|
YYR|ODS,|ODS|IST|LHR|YYT|YYR|
YYR|ORN,|ORN|IST|LHR|YYT|YYR|
YYR|OTP,|OTP|IST|LHR|YYT|YYR|
YYR|PRG,|PRG|BRU|YUL|YZV|YWK|YYR|
YYR|PRN,|PRN|IST|LHR|YYT|YYR|
YYR|RIX,|RIX|IST|LHR|YYT|YYR|
YYR|ROV,|ROV|IST|LHR|YYT|YYR|
YYR|RTM,|RTM|IST|LHR|YYT|YYR|
YYR|RUH,|RUH|IST|LHR|YYT|YYR|
YYR|SAH,|SAH|IST|LHR|YYT|YYR|
YYR|SJJ,|SJJ|IST|LHR|YYT|YYR|
YYR|SKG,|SKG|IST|LHR|YYT|YYR|
YYR|SKP,|SKP|IST|LHR|YYT|YYR|
YYR|SSH,|SSH|IST|LHR|YYT|YYR|
YYR|STR,|STR|EWR|YHZ|YYR|
YYR|SVX,|SVX|IST|LHR|YYT|YYR|
YYR|SYZ,|SYZ|IST|LHR|YYT|YYR|
YYR|SZG,|SZG|IST|LHR|YYT|YYR|
YYR|TBZ,|TBZ|IST|LHR|YYT|YYR|
YYR|TGD,|TGD|IST|LHR|YYT|YYR|
YYR|TIA,|TIA|IST|LHR|YYT|YYR|
YYR|TIF,|TIF|IST|LHR|YYT|YYR|
YYR|TIP,|TIP|IST|LHR|YYT|YYR|
YYR|TLL,|TLL|VNO|FRA|YUL|YZV|YWK|YYR|
YYR|TLS,|TLS|IST|LHR|YYT|YYR|
YYR|TRN,|TRN|IST|LHR|YYT|YYR|
YYR|TUN,|TUN|IST|LHR|YYT|YYR|
YYR|TXL,|TXL|EWR|YHZ|YYR|
YYR|UFA,|UFA|IST|LHR|YYT|YYR|
YYR|VAS,|VAS|IST|LHR|YYT|YYR|
YYR|VCE,|VCE|IST|LHR|YYT|YYR|
YYR|YNB,|YNB|IST|LHR|YYT|YYR|
YYR|ZAG,|ZAG|IST|LHR|YYT|YYR|
YYR|MGQ,|MGQ|JIB|IST|LHR|YYT|YYR|
YYR|CPT,|CPT|JNB|IST|LHR|YYT|YYR|
YYR|MBA,|MBA|JRO|IST|LHR|YYT|YYR|
YYR|NDJ,|NDJ|KAN|IST|LHR|YYT|YYR|
YYR|CMB,|CMB|MLE|IST|LHR|YYT|YYR|
YYR|ADE,|ADE|SAH|IST|LHR|YYT|YYR|
YYR|ASF,|ASF|SAW|ADB|IST|LHR|YYT|YYR|
YYR|STW,|STW|SAW|ADB|IST|LHR|YYT|YYR|
YYR|LFW,|LFW|ABJ|BRU|YUL|YZV|YWK|YYR|
YYR|CEC,|CEC|ACV|SMF|ORD|YQB|YZV|YWK|YYR|
YYR|SMF,|SMF|ORD|YQB|YZV|YWK|YYR|
YYR|CDR,|CDR|AIA|DEN|YUL|YZV|YWK|YYR|
YYR|FMN,|FMN|DEN|YUL|YZV|YWK|YYR|
YYR|JST,|JST|IAD|YUL|YZV|YWK|YYR|
YYR|JHW,|JHW|CLE|YYZ|YQB|YZV|YWK|YYR|
YYR|SHD,|SHD|IAD|YUL|YZV|YWK|YYR|
YYR|PTY,|PTY|BOS|YHZ|YYR|
YYR|FNA,|FNA|BRU|YUL|YZV|YWK|YYR|
YYR|SXB,|SXB|BRU|YUL|YZV|YWK|YYR|
YYR|ACV,|ACV|SMF|ORD|YQB|YZV|YWK|YYR|
YYR|MGW,|MGW|IAD|YUL|YZV|YWK|YYR|
YYR|ALB,|ALB|EWR|YHZ|YYR|
YYR|AUS,|AUS|CLE|YYZ|YQB|YZV|YWK|YYR|
YYR|BFD,|BFD|CLE|YYZ|YQB|YZV|YWK|YYR|
YYR|BUF,|BUF|EWR|YHZ|YYR|
YYR|CHS,|CHS|EWR|YHZ|YYR|
YYR|DAY,|DAY|CLE|YYZ|YQB|YZV|YWK|YYR|
YYR|DUJ,|DUJ|CLE|YYZ|YQB|YZV|YWK|YYR|
YYR|ERI,|ERI|CLE|YYZ|YQB|YZV|YWK|YYR|
YYR|FKL,|FKL|CLE|YYZ|YQB|YZV|YWK|YYR|
YYR|FNT,|FNT|CLE|YYZ|YQB|YZV|YWK|YYR|
YYR|GRR,|GRR|CLE|YYZ|YQB|YZV|YWK|YYR|
YYR|GSP,|GSP|EWR|YHZ|YYR|
YYR|PBI,|PBI|EWR|YHZ|YYR|
YYR|PKB,|PKB|CLE|YYZ|YQB|YZV|YWK|YYR|
YYR|RIC,|RIC|EWR|YHZ|YYR|
YYR|SDF,|SDF|CLE|YYZ|YQB|YZV|YWK|YYR|
YYR|GUM,|GUM|NRT|YYZ|YQB|YZV|YWK|YYR|
YYR|WRL,|WRL|CYS|DEN|YUL|YZV|YWK|YYR|
YYR|LBL,|YYR|
YYR|ABQ,|ABQ|ORD|YQB|YZV|YWK|YYR|
YYR|AIA,|AIA|DEN|YUL|YZV|YWK|YYR|
YYR|ALS,|ALS|DEN|YUL|YZV|YWK|YYR|
YYR|AMA,|AMA|DAL|STL|YYZ|YQB|YZV|YWK|YYR|
YYR|ANC,|ANC|ORD|YQB|YZV|YWK|YYR|
YYR|ASE,|ASE|DEN|YUL|YZV|YWK|YYR|
YYR|BFL,|BFL|DEN|YUL|YZV|YWK|YYR|
YYR|BHM,|BHM|BWI|EWR|YHZ|YYR|
YYR|BIL,|BIL|DEN|YUL|YZV|YWK|YYR|
YYR|BIS,|BIS|DEN|YUL|YZV|YWK|YYR|
YYR|BOI,|BOI|ORD|YQB|YZV|YWK|YYR|
YYR|BUR,|BUR|DEN|YUL|YZV|YWK|YYR|
YYR|BZN,|BZN|ORD|YQB|YZV|YWK|YYR|
YYR|CID,|CID|ORD|YQB|YZV|YWK|YYR|
YYR|COD,|COD|DEN|YUL|YZV|YWK|YYR|
YYR|COS,|COS|ORD|YQB|YZV|YWK|YYR|
YYR|CPR,|CPR|DEN|YUL|YZV|YWK|YYR|
YYR|CYS,|CYS|DEN|YUL|YZV|YWK|YYR|
YYR|DIK,|DIK|DEN|YUL|YZV|YWK|YYR|
YYR|DRO,|DRO|DEN|YUL|YZV|YWK|YYR|
YYR|DSM,|DSM|ORD|YQB|YZV|YWK|YYR|
YYR|EGE,|EGE|DEN|YUL|YZV|YWK|YYR|
YYR|ELP,|ELP|DAL|STL|YYZ|YQB|YZV|YWK|YYR|
YYR|EUG,|EUG|PDX|YYC|YUL|YZV|YWK|YYR|
YYR|FAR,|FAR|ORD|YQB|YZV|YWK|YYR|
YYR|FAT,|FAT|DEN|YUL|YZV|YWK|YYR|
YYR|FCA,|FCA|DEN|YUL|YZV|YWK|YYR|
YYR|FSD,|FSD|ORD|YQB|YZV|YWK|YYR|
YYR|GCC,|GCC|DEN|YUL|YZV|YWK|YYR|
YYR|GEG,|GEG|DEN|YUL|YZV|YWK|YYR|
YYR|GJT,|GJT|DEN|YUL|YZV|YWK|YYR|
YYR|GTF,|GTF|DEN|YUL|YZV|YWK|YYR|
YYR|GUC,|GUC|DEN|YUL|YZV|YWK|YYR|
YYR|HDN,|HDN|DEN|YUL|YZV|YWK|YYR|
YYR|HLN,|HLN|DEN|YUL|YZV|YWK|YYR|
YYR|HSV,|HSV|IAD|YUL|YZV|YWK|YYR|
YYR|ICT,|ICT|ORD|YQB|YZV|YWK|YYR|
YYR|IDA,|IDA|DEN|YUL|YZV|YWK|YYR|
YYR|ISN,|ISN|DEN|YUL|YZV|YWK|YYR|
YYR|JAC,|JAC|DEN|YUL|YZV|YWK|YYR|
YYR|KOA,|KOA|SFO|YUL|YZV|YWK|YYR|
YYR|LAR,|LAR|DEN|YUL|YZV|YWK|YYR|
YYR|LBB,|LBB|DAL|STL|YYZ|YQB|YZV|YWK|YYR|
YYR|LIH,|LIH|SFO|YUL|YZV|YWK|YYR|
YYR|LIT,|LIT|ORD|YQB|YZV|YWK|YYR|
YYR|LNK,|LNK|ORD|YQB|YZV|YWK|YYR|
YYR|MAF,|MAF|DAL|STL|YYZ|YQB|YZV|YWK|YYR|
YYR|MEM,|MEM|EWR|YHZ|YYR|
YYR|MFR,|MFR|DEN|YUL|YZV|YWK|YYR|
YYR|MLI,|MLI|ORD|YQB|YZV|YWK|YYR|
YYR|MOT,|MOT|DEN|YUL|YZV|YWK|YYR|
YYR|MRY,|MRY|DEN|YUL|YZV|YWK|YYR|
YYR|MSN,|MSN|ORD|YQB|YZV|YWK|YYR|
YYR|MSO,|MSO|DEN|YUL|YZV|YWK|YYR|
YYR|MTJ,|MTJ|DEN|YUL|YZV|YWK|YYR|
YYR|OKC,|OKC|STL|YYZ|YQB|YZV|YWK|YYR|
YYR|OMA,|OMA|ORD|YQB|YZV|YWK|YYR|
YYR|ONT,|ONT|DEN|YUL|YZV|YWK|YYR|
YYR|PIA,|PIA|ORD|YQB|YZV|YWK|YYR|
YYR|PIR,|PIR|DEN|YUL|YZV|YWK|YYR|
YYR|PSC,|PSC|DEN|YUL|YZV|YWK|YYR|
YYR|PSP,|PSP|DEN|YUL|YZV|YWK|YYR|
YYR|PUB,|PUB|DEN|YUL|YZV|YWK|YYR|
YYR|RAP,|RAP|ORD|YQB|YZV|YWK|YYR|
YYR|RDM,|RDM|DEN|YUL|YZV|YWK|YYR|
YYR|RKS,|RKS|DEN|YUL|YZV|YWK|YYR|
YYR|RNO,|RNO|DEN|YUL|YZV|YWK|YYR|
YYR|SAF,|SAF|DEN|YUL|YZV|YWK|YYR|
YYR|SAT,|SAT|STL|YYZ|YQB|YZV|YWK|YYR|
YYR|SBA,|SBA|DEN|YUL|YZV|YWK|YYR|
YYR|SGF,|SGF|ORD|YQB|YZV|YWK|YYR|
YYR|SGU,|SGU|DEN|YUL|YZV|YWK|YYR|
YYR|SHV,|SHV|IAH|YUL|YZV|YWK|YYR|
YYR|SJC,|SJC|DEN|YUL|YZV|YWK|YYR|
YYR|SLC,|SLC|ORD|YQB|YZV|YWK|YYR|
YYR|SNA,|SNA|DEN|YUL|YZV|YWK|YYR|
YYR|TUL,|TUL|STL|YYZ|YQB|YZV|YWK|YYR|
YYR|TUS,|TUS|MDW|DTW|YYZ|YQB|YZV|YWK|YYR|
YYR|TYS,|TYS|IAD|YUL|YZV|YWK|YYR|
YYR|XNA,|XNA|ORD|YQB|YZV|YWK|YYR|
YYR|SAL,|SAL|EWR|YHZ|YYR|
YYR|BJL,|BJL|DKR|IAD|YUL|YZV|YWK|YYR|
YYR|BFS,|BFS|EWR|YHZ|YYR|
YYR|BON,|BON|EWR|YHZ|YYR|
YYR|BQN,|BQN|EWR|YHZ|YYR|
YYR|BTV,|BTV|EWR|YHZ|YYR|
YYR|BZE,|BZE|EWR|YHZ|YYR|
YYR|GLA,|GLA|EWR|YHZ|YYR|
YYR|GSO,|GSO|EWR|YHZ|YYR|
YYR|ITH,|ITH|EWR|YHZ|YYR|
YYR|JAX,|JAX|EWR|YHZ|YYR|
YYR|MHT,|MHT|EWR|YHZ|YYR|
YYR|MYR,|MYR|EWR|YHZ|YYR|
YYR|ORF,|ORF|EWR|YHZ|YYR|
YYR|POS,|POS|EWR|YHZ|YYR|
YYR|PVD,|PVD|EWR|YHZ|YYR|
YYR|PWM,|PWM|EWR|YHZ|YYR|
YYR|SAP,|SAP|EWR|YHZ|YYR|
YYR|SAV,|SAV|EWR|YHZ|YYR|
YYR|SDQ,|SDQ|EWR|YHZ|YYR|
YYR|SJU,|SJU|EWR|YHZ|YYR|
YYR|SNN,|SNN|EWR|YHZ|YYR|
YYR|STT,|STT|EWR|YHZ|YYR|
YYR|SXM,|SXM|EWR|YHZ|YYR|
YYR|BIM,|BIM|FLL|MCO|YHZ|YYR|
YYR|ELH,|ELH|PBI|EWR|YHZ|YYR|
YYR|EYW,|EYW|MCO|YHZ|YYR|
YYR|FPO,|FPO|FLL|MCO|YHZ|YYR|
YYR|GHB,|GHB|FLL|MCO|YHZ|YYR|
YYR|MHH,|MHH|MCO|YHZ|YYR|
YYR|TCB,|TCB|FLL|MCO|YHZ|YYR|
YYR|SOW,|SOW|FMN|DEN|YUL|YZV|YWK|YYR|
YYR|ROB,|ROB|FNA|BRU|YUL|YZV|YWK|YYR|
YYR|GIG,|GIG|GRU|EWR|YHZ|YYR|
YYR|CNS,|CNS|GUM|NRT|YYZ|YQB|YZV|YWK|YYR|
YYR|CTS,|CTS|GUM|NRT|YYZ|YQB|YZV|YWK|YYR|
YYR|OKJ,|OKJ|GUM|NRT|YYZ|YQB|YZV|YWK|YYR|
YYR|ROP,|ROP|GUM|NRT|YYZ|YQB|YZV|YWK|YYR|
YYR|ROR,|ROR|GUM|NRT|YYZ|YQB|YZV|YWK|YYR|
YYR|SDJ,|SDJ|GUM|NRT|YYZ|YQB|YZV|YWK|YYR|
YYR|SPN,|SPN|GUM|NRT|YYZ|YQB|YZV|YWK|YYR|
YYR|TKK,|TKK|PNI|KWA|MAJ|HNL|SFO|YUL|YZV|YWK|YYR|
YYR|YAP,|YAP|GUM|NRT|YYZ|YQB|YZV|YWK|YYR|
YYR|MAJ,|MAJ|HNL|SFO|YUL|YZV|YWK|YYR|
YYR|AOO,|AOO|IAD|YUL|YZV|YWK|YYR|
YYR|BGM,|BGM|IAD|YUL|YZV|YWK|YYR|
YYR|BKW,|BKW|IAD|YUL|YZV|YWK|YYR|
YYR|CAE,|CAE|IAD|YUL|YZV|YWK|YYR|
YYR|CHO,|CHO|IAD|YUL|YZV|YWK|YYR|
YYR|CRW,|CRW|IAD|YUL|YZV|YWK|YYR|
YYR|FAY,|FAY|IAD|YUL|YZV|YWK|YYR|
YYR|LWB,|LWB|IAD|YUL|YZV|YWK|YYR|
YYR|ROA,|ROA|IAD|YUL|YZV|YWK|YYR|
YYR|SCE,|SCE|IAD|YUL|YZV|YWK|YYR|
YYR|ACA,|ACA|IAH|YUL|YZV|YWK|YYR|
YYR|ACY,|ACY|ORD|YQB|YZV|YWK|YYR|
YYR|AEX,|AEX|IAH|YUL|YZV|YWK|YYR|
YYR|AGU,|AGU|IAH|YUL|YZV|YWK|YYR|
YYR|BJX,|BJX|IAH|YUL|YZV|YWK|YYR|
YYR|BRO,|BRO|IAH|YUL|YZV|YWK|YYR|
YYR|BTR,|BTR|IAH|YUL|YZV|YWK|YYR|
YYR|CCS,|CCS|IAH|YUL|YZV|YWK|YYR|
YYR|CLL,|CLL|IAH|YUL|YZV|YWK|YYR|
YYR|CME,|CME|IAH|YUL|YZV|YWK|YYR|
YYR|CRP,|CRP|IAH|YUL|YZV|YWK|YYR|
YYR|CUU,|CUU|IAH|YUL|YZV|YWK|YYR|
YYR|DAL,|DAL|STL|YYZ|YQB|YZV|YWK|YYR|
YYR|DGO,|DGO|IAH|YUL|YZV|YWK|YYR|
YYR|GDL,|GDL|IAH|YUL|YZV|YWK|YYR|
YYR|GPT,|GPT|IAH|YUL|YZV|YWK|YYR|
YYR|GRK,|GRK|IAH|YUL|YZV|YWK|YYR|
YYR|HOB,|HOB|IAH|YUL|YZV|YWK|YYR|
YYR|HRL,|HRL|IAH|YUL|YZV|YWK|YYR|
YYR|HUX,|HUX|IAH|YUL|YZV|YWK|YYR|
YYR|JAN,|JAN|ORD|YQB|YZV|YWK|YYR|
YYR|LCH,|LCH|IAH|YUL|YZV|YWK|YYR|
YYR|LEX,|LEX|ORD|YQB|YZV|YWK|YYR|
YYR|LFT,|LFT|IAH|YUL|YZV|YWK|YYR|
YYR|LRD,|LRD|IAH|YUL|YZV|YWK|YYR|
YYR|MFE,|MFE|IAH|YUL|YZV|YWK|YYR|
YYR|MGA,|MGA|IAH|YUL|YZV|YWK|YYR|
YYR|MID,|MID|IAH|YUL|YZV|YWK|YYR|
YYR|MLM,|MLM|IAH|YUL|YZV|YWK|YYR|
YYR|MLU,|MLU|IAH|YUL|YZV|YWK|YYR|
YYR|MOB,|MOB|ORD|YQB|YZV|YWK|YYR|
YYR|MTY,|MTY|IAH|YUL|YZV|YWK|YYR|
YYR|OAX,|OAX|IAH|YUL|YZV|YWK|YYR|
YYR|PBC,|PBC|IAH|YUL|YZV|YWK|YYR|
YYR|PNS,|PNS|BNA|YYZ|YQB|YZV|YWK|YYR|
YYR|QRO,|QRO|IAH|YUL|YZV|YWK|YYR|
YYR|RTB,|RTB|IAH|YUL|YZV|YWK|YYR|
YYR|SLP,|SLP|IAH|YUL|YZV|YWK|YYR|
YYR|SLW,|SLW|IAH|YUL|YZV|YWK|YYR|
YYR|TAM,|TAM|IAH|YUL|YZV|YWK|YYR|
YYR|TGU,|TGU|IAH|YUL|YZV|YWK|YYR|
YYR|TRC,|TRC|IAH|YUL|YZV|YWK|YYR|
YYR|TYR,|TYR|IAH|YUL|YZV|YWK|YYR|
YYR|UIO,|UIO|IAH|YUL|YZV|YWK|YYR|
YYR|VER,|VER|IAH|YUL|YZV|YWK|YYR|
YYR|VPS,|VPS|IAH|YUL|YZV|YWK|YYR|
YYR|VSA,|VSA|IAH|YUL|YZV|YWK|YYR|
YYR|ZIH,|ZIH|IAH|YUL|YZV|YWK|YYR|
YYR|ZLO,|ZLO|IAH|YUL|YZV|YWK|YYR|
YYR|KWA,|KWA|MAJ|HNL|SFO|YUL|YZV|YWK|YYR|
YYR|PNI,|PNI|KWA|MAJ|HNL|SFO|YUL|YZV|YWK|YYR|
YYR|KSA,|KSA|KWA|MAJ|HNL|SFO|YUL|YZV|YWK|YYR|
YYR|CLD,|CLD|LAX|YUL|YZV|YWK|YYR|
YYR|ITO,|ITO|LAX|YUL|YZV|YWK|YYR|
YYR|SBP,|SBP|LAX|YUL|YZV|YWK|YYR|
YYR|SMX,|SMX|LAX|YUL|YZV|YWK|YYR|
YYR|YUM,|YUM|LAX|YUL|YZV|YWK|YYR|
YYR|DDC,|YYR|
YYR|TMS,|TMS|LIS|EWR|YHZ|YYR|
YYR|PHC,|PHC|LOS|IST|LHR|YYT|YYR|
YYR|GNV,|GNV|MCO|YHZ|YYR|
YYR|TLH,|TLH|MCO|YHZ|YYR|
YYR|CKB,|CKB|MGW|IAD|YUL|YZV|YWK|YYR|
YYR|BAQ,|BAQ|MIA|EWR|YHZ|YYR|
YYR|CLO,|CLO|MIA|EWR|YHZ|YYR|
YYR|CTG,|CTG|MIA|EWR|YHZ|YYR|
YYR|MDE,|MDE|MIA|EWR|YHZ|YYR|
YYR|ABE,|ABE|ORD|YQB|YZV|YWK|YYR|
YYR|ATW,|ATW|ORD|YQB|YZV|YWK|YYR|
YYR|AVL,|AVL|ORD|YQB|YZV|YWK|YYR|
YYR|AVP,|AVP|ORD|YQB|YZV|YWK|YYR|
YYR|CAK,|CAK|BOS|YHZ|YYR|
YYR|CMX,|CMX|ORD|YQB|YZV|YWK|YYR|
YYR|CWA,|CWA|ORD|YQB|YZV|YWK|YYR|
YYR|DLH,|DLH|ORD|YQB|YZV|YWK|YYR|
YYR|EAU,|EAU|ORD|YQB|YZV|YWK|YYR|
YYR|ELM,|ELM|ORD|YQB|YZV|YWK|YYR|
YYR|FOE,|FOE|ORD|YQB|YZV|YWK|YYR|
YYR|FWA,|FWA|ORD|YQB|YZV|YWK|YYR|
YYR|GRB,|GRB|ORD|YQB|YZV|YWK|YYR|
YYR|HPN,|HPN|ORD|YQB|YZV|YWK|YYR|
YYR|LAN,|LAN|ORD|YQB|YZV|YWK|YYR|
YYR|MBS,|MBS|ORD|YQB|YZV|YWK|YYR|
YYR|MKG,|MKG|ORD|YQB|YZV|YWK|YYR|
YYR|PAH,|PAH|ORD|YQB|YZV|YWK|YYR|
YYR|SBN,|SBN|ORD|YQB|YZV|YWK|YYR|
YYR|SPI,|SPI|ORD|YQB|YZV|YWK|YYR|
YYR|SRQ,|SRQ|ORD|YQB|YZV|YWK|YYR|
YYR|STC,|STC|ORD|YQB|YZV|YWK|YYR|
YYR|TVC,|TVC|ORD|YQB|YZV|YWK|YYR|
YYR|LMT,|LMT|PDX|YYC|YUL|YZV|YWK|YYR|
YYR|HON,|HON|PIR|DEN|YUL|YZV|YWK|YYR|
YYR|CIC,|CIC|SFO|YUL|YZV|YWK|YYR|
YYR|MOD,|MOD|SFO|YUL|YZV|YWK|YYR|
YYR|OTH,|OTH|SFO|YUL|YZV|YWK|YYR|
YYR|RDD,|RDD|SFO|YUL|YZV|YWK|YYR|
YYR|EIS,|EIS|SJU|EWR|YHZ|YYR|
YYR|DME,|DME|VIE|IST|LHR|YYT|YYR|
YYR|EVN,|EVN|VIE|IST|LHR|YYT|YYR|
YYR|HOU,|HOU|IND|YYZ|YQB|YZV|YWK|YYR|
YYR|MDW,|MDW|DTW|YYZ|YQB|YZV|YWK|YYR|
YYR|OAK,|OAK|DEN|YUL|YZV|YWK|YYR|
YYR|ECP,|ECP|BWI|EWR|YHZ|YYR|
YYR|ISP,|ISP|BWI|EWR|YHZ|YYR|
YYR|YHM,|YHM|YHZ|YYR|
YYR|YXX,|YXX|YYC|YUL|YZV|YWK|YYR|
YYR|YBR,|YBR|YYC|YUL|YZV|YWK|YYR|
YYR|YKF,|YKF|YYC|YUL|YZV|YWK|YYR|
YYR|GDN,|YYR|
YYR|TRD,|YYR|
YYR|NKC,|YYR|
YYR|PGA,|YYR|
